Engine_ID,Cycle,Predicted_RUL,True_RUL
1,1,,
1,2,,
1,3,,
1,4,,
1,5,,
1,6,,
1,7,,
1,8,,
1,9,,
1,10,,
1,11,,
1,12,,
1,13,,
1,14,,
1,15,,
1,16,,
1,17,,
1,18,,
1,19,,
1,20,,
1,21,,
1,22,,
1,23,,
1,24,,
1,25,,
1,26,,
1,27,,
1,28,,
1,29,,
1,30,,
1,31,125.3841552734375,112.0
2,1,,
2,2,,
2,3,,
2,4,,
2,5,,
2,6,,
2,7,,
2,8,,
2,9,,
2,10,,
2,11,,
2,12,,
2,13,,
2,14,,
2,15,,
2,16,,
2,17,,
2,18,,
2,19,,
2,20,,
2,21,,
2,22,,
2,23,,
2,24,,
2,25,,
2,26,,
2,27,,
2,28,,
2,29,,
2,30,,
2,31,120.37618255615234,
2,32,96.96404266357422,
2,33,89.71482849121094,
2,34,87.95671081542969,
2,35,87.39845275878906,
2,36,82.58834075927734,
2,37,80.03205108642578,
2,38,85.96345520019531,
2,39,95.44135284423828,
2,40,97.01112365722656,
2,41,96.27676391601562,
2,42,93.59713745117188,
2,43,97.74617004394531,
2,44,86.36691284179688,
2,45,88.95851135253906,
2,46,101.87651062011719,
2,47,102.50553131103516,
2,48,104.01077270507812,
2,49,106.20660400390625,98.0
3,1,,
3,2,,
3,3,,
3,4,,
3,5,,
3,6,,
3,7,,
3,8,,
3,9,,
3,10,,
3,11,,
3,12,,
3,13,,
3,14,,
3,15,,
3,16,,
3,17,,
3,18,,
3,19,,
3,20,,
3,21,,
3,22,,
3,23,,
3,24,,
3,25,,
3,26,,
3,27,,
3,28,,
3,29,,
3,30,,
3,31,122.5168228149414,
3,32,123.89791107177734,
3,33,124.49021911621094,
3,34,126.41921997070312,
3,35,128.16636657714844,
3,36,129.54649353027344,
3,37,129.16265869140625,
3,38,129.8629608154297,
3,39,132.0543670654297,
3,40,131.81277465820312,
3,41,124.54914855957031,
3,42,120.00529479980469,
3,43,116.11672973632812,
3,44,113.22083282470703,
3,45,106.2843246459961,
3,46,96.24195861816406,
3,47,94.91226196289062,
3,48,96.98268127441406,
3,49,96.0391845703125,
3,50,95.69853210449219,
3,51,95.18965911865234,
3,52,95.91082763671875,
3,53,97.67832946777344,
3,54,94.62974548339844,
3,55,98.31246185302734,
3,56,102.74649810791016,
3,57,105.26023864746094,
3,58,110.214599609375,
3,59,113.7568359375,
3,60,117.21627044677734,
3,61,117.39421844482422,
3,62,119.04856872558594,
3,63,119.93673706054688,
3,64,123.57717895507812,
3,65,124.79864501953125,
3,66,125.15633392333984,
3,67,126.30435943603516,
3,68,125.15867614746094,
3,69,122.75064849853516,
3,70,119.7706527709961,
3,71,117.13020324707031,
3,72,114.526611328125,
3,73,105.59352111816406,
3,74,106.68125915527344,
3,75,104.09283447265625,
3,76,105.38328552246094,
3,77,104.14783477783203,
3,78,100.56591796875,
3,79,104.75520324707031,
3,80,97.76324462890625,
3,81,94.63096618652344,
3,82,97.20782470703125,
3,83,101.57426452636719,
3,84,102.26528930664062,
3,85,107.72039794921875,
3,86,103.59303283691406,
3,87,109.5311279296875,
3,88,114.71728515625,
3,89,116.74427795410156,
3,90,120.37728881835938,
3,91,123.12677001953125,
3,92,124.76408386230469,
3,93,123.67422485351562,
3,94,122.56771087646484,
3,95,121.57676696777344,
3,96,122.62252807617188,
3,97,121.09442901611328,
3,98,122.42346954345703,
3,99,88.27305603027344,
3,100,88.04035949707031,
3,101,86.67926025390625,
3,102,80.83116149902344,
3,103,87.65834045410156,
3,104,94.3231201171875,
3,105,104.11663818359375,
3,106,103.45867156982422,
3,107,114.88746643066406,
3,108,119.15611267089844,
3,109,121.18882751464844,
3,110,118.65584564208984,
3,111,115.95594787597656,
3,112,116.0770263671875,
3,113,115.82221984863281,
3,114,115.07415008544922,
3,115,115.58641052246094,
3,116,118.30701446533203,
3,117,121.41020965576172,
3,118,123.29292297363281,
3,119,122.40104675292969,
3,120,123.63856506347656,
3,121,124.7904281616211,
3,122,124.35285949707031,
3,123,123.89878845214844,
3,124,118.46331787109375,
3,125,116.42573547363281,
3,126,113.02432250976562,69.0
4,1,,
4,2,,
4,3,,
4,4,,
4,5,,
4,6,,
4,7,,
4,8,,
4,9,,
4,10,,
4,11,,
4,12,,
4,13,,
4,14,,
4,15,,
4,16,,
4,17,,
4,18,,
4,19,,
4,20,,
4,21,,
4,22,,
4,23,,
4,24,,
4,25,,
4,26,,
4,27,,
4,28,,
4,29,,
4,30,,
4,31,126.30435943603516,
4,32,125.15867614746094,
4,33,122.75064849853516,
4,34,119.7706527709961,
4,35,117.13020324707031,
4,36,114.526611328125,
4,37,105.59352111816406,
4,38,106.68125915527344,
4,39,104.09283447265625,
4,40,105.38328552246094,
4,41,104.14783477783203,
4,42,100.56591796875,
4,43,104.75520324707031,
4,44,97.76324462890625,
4,45,94.63096618652344,
4,46,97.20782470703125,
4,47,101.57426452636719,
4,48,102.26528930664062,
4,49,107.72039794921875,
4,50,103.59303283691406,
4,51,109.5311279296875,
4,52,114.71728515625,
4,53,116.74427795410156,
4,54,120.37728881835938,
4,55,123.12677001953125,
4,56,124.76408386230469,
4,57,123.67422485351562,
4,58,122.56771087646484,
4,59,121.57676696777344,
4,60,122.62252807617188,
4,61,121.09442901611328,
4,62,122.42346954345703,
4,63,88.27305603027344,
4,64,88.04035949707031,
4,65,86.67926025390625,
4,66,80.83116149902344,
4,67,87.65834045410156,
4,68,94.3231201171875,
4,69,104.11663818359375,
4,70,103.45867156982422,
4,71,114.88746643066406,
4,72,119.15611267089844,
4,73,121.18882751464844,
4,74,118.65584564208984,
4,75,115.95594787597656,
4,76,116.0770263671875,
4,77,115.82221984863281,
4,78,115.07415008544922,
4,79,115.58641052246094,
4,80,118.30701446533203,
4,81,121.41020965576172,
4,82,123.29292297363281,
4,83,122.40104675292969,
4,84,123.63856506347656,
4,85,124.7904281616211,
4,86,124.35285949707031,
4,87,123.89878845214844,
4,88,118.46331787109375,
4,89,116.42573547363281,
4,90,113.02432250976562,
4,91,115.09133911132812,
4,92,115.39205169677734,
4,93,114.4820327758789,
4,94,111.51992797851562,
4,95,109.04013061523438,
4,96,100.83966064453125,
4,97,104.12467956542969,
4,98,97.86714172363281,
4,99,97.19343566894531,
4,100,101.47744750976562,
4,101,110.5859603881836,
4,102,116.61079406738281,
4,103,118.23210144042969,
4,104,119.53349304199219,
4,105,119.21441650390625,
4,106,123.18922424316406,82.0
5,1,,
5,2,,
5,3,,
5,4,,
5,5,,
5,6,,
5,7,,
5,8,,
5,9,,
5,10,,
5,11,,
5,12,,
5,13,,
5,14,,
5,15,,
5,16,,
5,17,,
5,18,,
5,19,,
5,20,,
5,21,,
5,22,,
5,23,,
5,24,,
5,25,,
5,26,,
5,27,,
5,28,,
5,29,,
5,30,,
5,31,115.95594787597656,
5,32,116.0770263671875,
5,33,115.82221984863281,
5,34,115.07415008544922,
5,35,115.58641052246094,
5,36,118.30701446533203,
5,37,121.41020965576172,
5,38,123.29292297363281,
5,39,122.40104675292969,
5,40,123.63856506347656,
5,41,124.7904281616211,
5,42,124.35285949707031,
5,43,123.89878845214844,
5,44,118.46331787109375,
5,45,116.42573547363281,
5,46,113.02432250976562,
5,47,115.09133911132812,
5,48,115.39205169677734,
5,49,114.4820327758789,
5,50,111.51992797851562,
5,51,109.04013061523438,
5,52,100.83966064453125,
5,53,104.12467956542969,
5,54,97.86714172363281,
5,55,97.19343566894531,
5,56,101.47744750976562,
5,57,110.5859603881836,
5,58,116.61079406738281,
5,59,118.23210144042969,
5,60,119.53349304199219,
5,61,119.21441650390625,
5,62,123.18922424316406,
5,63,116.80010986328125,
5,64,116.6234130859375,
5,65,116.4786605834961,
5,66,116.1995849609375,
5,67,120.07432556152344,
5,68,120.52442169189453,
5,69,122.37655639648438,
5,70,122.79148864746094,
5,71,123.93059539794922,
5,72,123.7672119140625,
5,73,124.884765625,
5,74,122.88906860351562,
5,75,122.31629943847656,
5,76,121.00557708740234,
5,77,121.92420959472656,
5,78,120.68637084960938,
5,79,119.1427001953125,
5,80,119.57218933105469,
5,81,113.95995330810547,
5,82,114.61126708984375,
5,83,112.19453430175781,
5,84,112.47257232666016,
5,85,113.94522094726562,
5,86,114.05648803710938,
5,87,114.85093688964844,
5,88,115.76107025146484,
5,89,114.97958374023438,
5,90,116.86663818359375,
5,91,114.64260864257812,
5,92,117.18878173828125,
5,93,116.8335189819336,
5,94,124.20379638671875,
5,95,124.51813507080078,
5,96,124.95040893554688,
5,97,126.00856018066406,
5,98,126.08961486816406,91.0
6,1,,
6,2,,
6,3,,
6,4,,
6,5,,
6,6,,
6,7,,
6,8,,
6,9,,
6,10,,
6,11,,
6,12,,
6,13,,
6,14,,
6,15,,
6,16,,
6,17,,
6,18,,
6,19,,
6,20,,
6,21,,
6,22,,
6,23,,
6,24,,
6,25,,
6,26,,
6,27,,
6,28,,
6,29,,
6,30,,
6,31,124.3328857421875,
6,32,124.518310546875,
6,33,125.42842102050781,
6,34,125.78084564208984,
6,35,125.94400787353516,
6,36,126.04205322265625,
6,37,124.84071350097656,
6,38,123.09193420410156,
6,39,124.20475769042969,
6,40,124.62323760986328,
6,41,125.66535949707031,
6,42,126.15850067138672,
6,43,126.75619506835938,
6,44,127.58709716796875,
6,45,127.36167907714844,
6,46,125.04959869384766,
6,47,125.06437683105469,
6,48,125.2006607055664,
6,49,124.81959533691406,
6,50,124.49091339111328,
6,51,123.62971496582031,
6,52,120.59355163574219,
6,53,120.6195068359375,
6,54,122.13115692138672,
6,55,121.51592254638672,
6,56,120.95328521728516,
6,57,120.79795837402344,
6,58,122.28909301757812,
6,59,122.28520202636719,
6,60,123.54133605957031,
6,61,124.40570068359375,
6,62,123.53089141845703,
6,63,122.99917602539062,
6,64,122.03165435791016,
6,65,120.33484649658203,
6,66,119.99679565429688,
6,67,120.76286315917969,
6,68,121.97892761230469,
6,69,121.9117202758789,
6,70,123.32986450195312,
6,71,123.51331329345703,
6,72,123.55410766601562,
6,73,123.2110595703125,
6,74,122.14697265625,
6,75,120.83619689941406,
6,76,119.8481674194336,
6,77,119.40487670898438,
6,78,119.10887145996094,
6,79,118.02412414550781,
6,80,114.30813598632812,
6,81,114.29237365722656,
6,82,112.0425796508789,
6,83,110.76579284667969,
6,84,110.13456726074219,
6,85,112.20846557617188,
6,86,116.54707336425781,
6,87,118.07868957519531,
6,88,119.3695068359375,
6,89,120.33343505859375,
6,90,120.83367919921875,
6,91,120.66500854492188,
6,92,118.72919464111328,
6,93,117.0514907836914,
6,94,114.89889526367188,
6,95,112.24552154541016,
6,96,110.27942657470703,
6,97,112.03013610839844,
6,98,115.15847778320312,
6,99,113.87166595458984,
6,100,113.21098327636719,
6,101,110.46556091308594,
6,102,104.89726257324219,
6,103,106.0482177734375,
6,104,102.39334106445312,
6,105,97.54076385498047,93.0
7,1,,
7,2,,
7,3,,
7,4,,
7,5,,
7,6,,
7,7,,
7,8,,
7,9,,
7,10,,
7,11,,
7,12,,
7,13,,
7,14,,
7,15,,
7,16,,
7,17,,
7,18,,
7,19,,
7,20,,
7,21,,
7,22,,
7,23,,
7,24,,
7,25,,
7,26,,
7,27,,
7,28,,
7,29,,
7,30,,
7,31,99.32886505126953,
7,32,92.29285430908203,
7,33,90.56134033203125,
7,34,96.16754150390625,
7,35,93.12040710449219,
7,36,91.85472106933594,
7,37,88.01422119140625,
7,38,84.15731811523438,
7,39,135.21746826171875,
7,40,130.88844299316406,
7,41,127.32148742675781,
7,42,125.86842346191406,
7,43,128.95350646972656,
7,44,126.06036376953125,
7,45,123.75674438476562,
7,46,124.12738037109375,
7,47,127.43775177001953,
7,48,124.34241485595703,
7,49,123.50592041015625,
7,50,124.46326446533203,
7,51,124.10610961914062,
7,52,124.6641845703125,
7,53,127.19243621826172,
7,54,128.60133361816406,
7,55,129.71714782714844,
7,56,130.07374572753906,
7,57,128.5089874267578,
7,58,130.76808166503906,
7,59,131.80943298339844,
7,60,127.19183349609375,
7,61,122.77731323242188,
7,62,119.95463562011719,
7,63,116.34159088134766,
7,64,115.0548324584961,
7,65,112.47296142578125,
7,66,107.76962280273438,
7,67,106.62979888916016,
7,68,108.30132293701172,
7,69,105.51801300048828,
7,70,103.67996215820312,
7,71,98.74906921386719,
7,72,95.92444610595703,
7,73,96.74240112304688,
7,74,95.54849243164062,
7,75,95.28825378417969,
7,76,97.52086639404297,
7,77,101.31083679199219,
7,78,98.74948120117188,
7,79,100.92518615722656,
7,80,106.0582275390625,
7,81,113.32610321044922,
7,82,116.31578063964844,
7,83,119.88751220703125,
7,84,123.83723449707031,
7,85,127.9893798828125,
7,86,128.84701538085938,
7,87,125.9559326171875,
7,88,122.25372314453125,
7,89,116.58043670654297,
7,90,110.6749038696289,
7,91,107.79144287109375,
7,92,123.07185363769531,
7,93,123.72389221191406,
7,94,123.63935089111328,
7,95,123.57052612304688,
7,96,123.42021179199219,
7,97,123.39653015136719,
7,98,122.89336395263672,
7,99,123.11434936523438,
7,100,124.20040130615234,
7,101,125.31880187988281,
7,102,124.46530151367188,
7,103,125.64013671875,
7,104,125.47004699707031,
7,105,125.21400451660156,
7,106,126.13751983642578,
7,107,125.7921142578125,
7,108,125.02835083007812,
7,109,125.41775512695312,
7,110,124.78497314453125,
7,111,124.80633544921875,
7,112,123.65003967285156,
7,113,121.17765045166016,
7,114,118.5589599609375,
7,115,116.59892272949219,
7,116,117.44598388671875,
7,117,116.71282958984375,
7,118,117.65229797363281,
7,119,119.29141998291016,
7,120,120.9000244140625,
7,121,121.88652038574219,
7,122,121.90155029296875,
7,123,121.8946304321289,
7,124,122.55241394042969,
7,125,123.5263900756836,
7,126,123.65370178222656,
7,127,123.4447021484375,
7,128,123.57171630859375,
7,129,123.61920166015625,
7,130,122.76658630371094,
7,131,123.18385314941406,
7,132,123.23838806152344,
7,133,123.14828491210938,
7,134,123.0648193359375,
7,135,121.87101745605469,
7,136,119.57950592041016,
7,137,119.57771301269531,
7,138,117.21513366699219,
7,139,116.85675048828125,
7,140,115.1926498413086,
7,141,116.05528259277344,
7,142,112.60990905761719,
7,143,111.7607421875,
7,144,115.01253509521484,
7,145,118.30545043945312,
7,146,120.74627685546875,
7,147,121.28353881835938,
7,148,121.33314514160156,
7,149,121.54830932617188,
7,150,121.24017333984375,
7,151,118.17025756835938,
7,152,117.90205383300781,
7,153,119.50900268554688,
7,154,119.38670349121094,
7,155,118.78044128417969,
7,156,119.76983642578125,
7,157,117.99986267089844,
7,158,118.84521484375,
7,159,118.34335327148438,
7,160,116.46379089355469,91.0
8,1,,
8,2,,
8,3,,
8,4,,
8,5,,
8,6,,
8,7,,
8,8,,
8,9,,
8,10,,
8,11,,
8,12,,
8,13,,
8,14,,
8,15,,
8,16,,
8,17,,
8,18,,
8,19,,
8,20,,
8,21,,
8,22,,
8,23,,
8,24,,
8,25,,
8,26,,
8,27,,
8,28,,
8,29,,
8,30,,
8,31,116.14534759521484,
8,32,114.96197509765625,
8,33,113.77693176269531,
8,34,114.97811126708984,
8,35,114.92543029785156,
8,36,114.82843017578125,
8,37,112.04335021972656,
8,38,107.17044067382812,
8,39,102.49922180175781,
8,40,98.34371948242188,
8,41,98.08832550048828,
8,42,96.69441223144531,
8,43,95.68887329101562,
8,44,95.19815826416016,
8,45,96.2428970336914,
8,46,99.20674133300781,
8,47,99.29129028320312,
8,48,96.97003173828125,
8,49,94.583251953125,
8,50,92.67943572998047,
8,51,97.23556518554688,
8,52,99.24053192138672,
8,53,107.03733825683594,
8,54,110.8029556274414,
8,55,110.7559585571289,
8,56,112.15980529785156,
8,57,113.69956970214844,
8,58,113.5971908569336,
8,59,113.92858123779297,
8,60,115.8804702758789,
8,61,117.79766845703125,
8,62,119.06455993652344,
8,63,118.29942321777344,
8,64,118.94339752197266,
8,65,118.636962890625,
8,66,119.81932067871094,
8,67,119.42854309082031,
8,68,119.59953308105469,
8,69,119.41316223144531,
8,70,118.92404174804688,
8,71,119.2515640258789,
8,72,118.09127044677734,
8,73,114.74855041503906,
8,74,111.9292221069336,
8,75,106.18131256103516,
8,76,102.06742858886719,
8,77,97.55726623535156,
8,78,89.35174560546875,
8,79,84.2868423461914,
8,80,79.0425796508789,
8,81,76.55094909667969,
8,82,74.3851547241211,
8,83,73.80419921875,
8,84,55.8633918762207,
8,85,54.940818786621094,
8,86,50.859249114990234,
8,87,56.245384216308594,
8,88,56.614356994628906,
8,89,61.1533317565918,
8,90,63.956573486328125,
8,91,68.55693054199219,
8,92,73.84829711914062,
8,93,80.66161346435547,
8,94,85.226806640625,
8,95,91.17689514160156,
8,96,95.76708984375,
8,97,107.6090087890625,
8,98,110.45112609863281,
8,99,113.6041030883789,
8,100,114.2987289428711,
8,101,116.60417938232422,
8,102,117.070556640625,
8,103,118.03559875488281,
8,104,117.4476318359375,
8,105,118.95116424560547,
8,106,119.32910919189453,
8,107,122.90924835205078,
8,108,122.35002136230469,
8,109,122.91691589355469,
8,110,123.35337829589844,
8,111,123.92125701904297,
8,112,124.96931457519531,
8,113,124.51429748535156,
8,114,124.37864685058594,
8,115,124.04330444335938,
8,116,123.08121490478516,
8,117,123.14251708984375,
8,118,122.88420104980469,
8,119,122.60355377197266,
8,120,123.64236450195312,
8,121,121.88578796386719,
8,122,120.7151870727539,
8,123,121.94328308105469,
8,124,121.3727035522461,
8,125,121.13948822021484,
8,126,120.88014221191406,
8,127,120.93174743652344,
8,128,119.3204116821289,
8,129,120.49479675292969,
8,130,120.80223846435547,
8,131,120.89005279541016,
8,132,121.34484100341797,
8,133,122.76290893554688,
8,134,122.76690673828125,
8,135,123.80235290527344,
8,136,125.3051528930664,
8,137,126.064208984375,
8,138,126.33367919921875,
8,139,126.62466430664062,
8,140,125.34131622314453,
8,141,125.06069946289062,
8,142,124.49507141113281,
8,143,124.41181182861328,
8,144,124.55398559570312,
8,145,124.38182830810547,
8,146,123.31900787353516,
8,147,122.9112548828125,
8,148,123.70555114746094,
8,149,123.11702728271484,
8,150,122.77383422851562,
8,151,121.03910827636719,
8,152,120.73956298828125,
8,153,120.50934600830078,
8,154,119.79900360107422,
8,155,119.43126678466797,
8,156,119.60954284667969,
8,157,120.64094543457031,
8,158,121.81645202636719,
8,159,121.91244506835938,
8,160,122.59748840332031,
8,161,123.21607971191406,
8,162,123.25486755371094,
8,163,123.13748168945312,
8,164,122.58329772949219,
8,165,123.45449829101562,
8,166,124.02044677734375,95.0
9,1,,
9,2,,
9,3,,
9,4,,
9,5,,
9,6,,
9,7,,
9,8,,
9,9,,
9,10,,
9,11,,
9,12,,
9,13,,
9,14,,
9,15,,
9,16,,
9,17,,
9,18,,
9,19,,
9,20,,
9,21,,
9,22,,
9,23,,
9,24,,
9,25,,
9,26,,
9,27,,
9,28,,
9,29,,
9,30,,
9,31,132.0543670654297,
9,32,131.81277465820312,
9,33,124.54914855957031,
9,34,120.00529479980469,
9,35,116.11672973632812,
9,36,113.22083282470703,
9,37,106.2843246459961,
9,38,96.24195861816406,
9,39,94.91226196289062,
9,40,96.98268127441406,
9,41,96.0391845703125,
9,42,95.69853210449219,
9,43,95.18965911865234,
9,44,95.91082763671875,
9,45,97.67832946777344,
9,46,94.62974548339844,
9,47,98.31246185302734,
9,48,102.74649810791016,
9,49,105.26023864746094,
9,50,110.214599609375,
9,51,113.7568359375,
9,52,117.21627044677734,
9,53,117.39421844482422,
9,54,119.04856872558594,
9,55,119.93673706054688,111.0
10,1,,
10,2,,
10,3,,
10,4,,
10,5,,
10,6,,
10,7,,
10,8,,
10,9,,
10,10,,
10,11,,
10,12,,
10,13,,
10,14,,
10,15,,
10,16,,
10,17,,
10,18,,
10,19,,
10,20,,
10,21,,
10,22,,
10,23,,
10,24,,
10,25,,
10,26,,
10,27,,
10,28,,
10,29,,
10,30,,
10,31,72.21868896484375,
10,32,72.70299530029297,
10,33,72.80900573730469,
10,34,71.70765686035156,
10,35,68.31430053710938,
10,36,65.2354736328125,
10,37,62.968963623046875,
10,38,59.53018569946289,
10,39,57.616634368896484,
10,40,56.56532669067383,
10,41,54.7968864440918,
10,42,52.015995025634766,
10,43,51.06193161010742,
10,44,49.78605651855469,
10,45,50.085044860839844,
10,46,123.03003692626953,
10,47,123.36923217773438,
10,48,124.28450012207031,
10,49,122.75924682617188,
10,50,121.6763687133789,
10,51,120.30384063720703,
10,52,119.04056549072266,
10,53,116.86262512207031,
10,54,116.01028442382812,
10,55,115.13800811767578,
10,56,115.22876739501953,
10,57,116.04883575439453,
10,58,116.39524841308594,
10,59,115.9712142944336,
10,60,113.38262176513672,
10,61,115.36947631835938,
10,62,116.07682800292969,
10,63,117.40963745117188,
10,64,117.0924072265625,
10,65,117.57295989990234,
10,66,118.83676147460938,
10,67,118.82923889160156,
10,68,120.26420593261719,
10,69,122.05386352539062,
10,70,123.755859375,
10,71,124.85287475585938,
10,72,125.94728088378906,
10,73,126.15620422363281,
10,74,126.40151977539062,
10,75,125.28543090820312,
10,76,125.31478881835938,
10,77,126.71876525878906,
10,78,126.19631958007812,
10,79,124.8134765625,
10,80,124.187744140625,
10,81,122.02552032470703,
10,82,118.52865600585938,
10,83,116.2052001953125,
10,84,115.77508544921875,
10,85,115.79407501220703,
10,86,118.4819564819336,
10,87,119.79899597167969,
10,88,114.899658203125,
10,89,118.21640014648438,
10,90,116.52896881103516,
10,91,119.17086029052734,
10,92,120.45217895507812,
10,93,122.62567138671875,
10,94,124.63555908203125,
10,95,124.07048034667969,
10,96,122.8896484375,
10,97,121.73692321777344,
10,98,120.2268295288086,
10,99,117.71578979492188,
10,100,114.42759704589844,
10,101,112.90499877929688,
10,102,110.51448059082031,
10,103,110.5587158203125,
10,104,104.78665924072266,
10,105,98.24559020996094,
10,106,99.9784927368164,
10,107,99.64118194580078,
10,108,98.2012939453125,
10,109,92.49626159667969,
10,110,92.06129455566406,
10,111,95.01001739501953,
10,112,90.34169006347656,
10,113,98.40438842773438,
10,114,101.81369018554688,
10,115,106.4845199584961,
10,116,111.8207778930664,
10,117,113.59232330322266,
10,118,117.0162353515625,
10,119,113.31344604492188,
10,120,116.4637451171875,
10,121,118.44830322265625,
10,122,118.55410766601562,
10,123,119.14686584472656,
10,124,118.96251678466797,
10,125,118.58572387695312,
10,126,117.81401062011719,
10,127,114.36759948730469,
10,128,112.8099594116211,
10,129,109.62492370605469,
10,130,108.26844024658203,
10,131,103.1089859008789,
10,132,96.59522247314453,
10,133,89.79331970214844,
10,134,76.51629638671875,
10,135,73.13754272460938,
10,136,69.4173583984375,
10,137,63.372684478759766,
10,138,61.2309455871582,
10,139,55.78072738647461,
10,140,49.0340461730957,
10,141,44.52201843261719,
10,142,39.35451889038086,
10,143,35.711456298828125,
10,144,31.930866241455078,
10,145,27.12686538696289,
10,146,27.638347625732422,
10,147,26.33664321899414,
10,148,27.637130737304688,
10,149,122.34996795654297,
10,150,121.99441528320312,
10,151,122.02456665039062,
10,152,123.93379974365234,
10,153,125.39833068847656,
10,154,126.54950714111328,
10,155,128.3787078857422,
10,156,127.01602935791016,
10,157,126.05723571777344,
10,158,125.97644805908203,
10,159,125.54470825195312,
10,160,125.59977722167969,
10,161,125.35528564453125,
10,162,124.71363067626953,
10,163,125.78374481201172,
10,164,125.90879821777344,
10,165,123.97959899902344,
10,166,126.70337677001953,
10,167,124.90708923339844,
10,168,124.62409973144531,
10,169,124.69952392578125,
10,170,124.94017791748047,
10,171,125.25377655029297,
10,172,126.46485900878906,
10,173,125.61800384521484,
10,174,125.55043029785156,
10,175,125.89517211914062,
10,176,125.63961029052734,
10,177,125.85649108886719,
10,178,126.51660919189453,
10,179,125.76924896240234,
10,180,124.67263793945312,
10,181,125.70687866210938,
10,182,126.138671875,
10,183,126.204833984375,
10,184,125.26212310791016,
10,185,124.78158569335938,
10,186,124.7591552734375,
10,187,122.80258178710938,
10,188,123.99453735351562,
10,189,124.13624572753906,
10,190,123.38450622558594,
10,191,123.62081909179688,
10,192,123.04849243164062,96.0
11,1,,
11,2,,
11,3,,
11,4,,
11,5,,
11,6,,
11,7,,
11,8,,
11,9,,
11,10,,
11,11,,
11,12,,
11,13,,
11,14,,
11,15,,
11,16,,
11,17,,
11,18,,
11,19,,
11,20,,
11,21,,
11,22,,
11,23,,
11,24,,
11,25,,
11,26,,
11,27,,
11,28,,
11,29,,
11,30,,
11,31,117.45858001708984,
11,32,120.70268249511719,
11,33,121.47080993652344,
11,34,121.8275375366211,
11,35,121.3124771118164,
11,36,121.85586547851562,
11,37,121.69497680664062,
11,38,122.12141418457031,
11,39,121.66891479492188,
11,40,122.42570495605469,
11,41,121.0577621459961,
11,42,118.80421447753906,
11,43,120.3068618774414,
11,44,120.88370513916016,
11,45,120.53438568115234,
11,46,119.7356185913086,
11,47,121.73918151855469,
11,48,120.2218246459961,
11,49,119.01971435546875,
11,50,120.96549987792969,
11,51,120.81147766113281,
11,52,121.37452697753906,
11,53,123.33294677734375,
11,54,122.97770690917969,
11,55,125.30171203613281,
11,56,122.85099792480469,
11,57,125.20143127441406,
11,58,127.62328338623047,
11,59,129.11456298828125,
11,60,128.66209411621094,
11,61,125.43047332763672,
11,62,124.3982925415039,
11,63,125.03269958496094,
11,64,125.07449340820312,
11,65,125.63373565673828,
11,66,126.32272338867188,
11,67,124.82490539550781,
11,68,125.46571350097656,
11,69,123.81132507324219,
11,70,124.84590148925781,
11,71,122.63621520996094,
11,72,121.11538696289062,
11,73,120.97879028320312,
11,74,122.94834899902344,
11,75,118.66709899902344,
11,76,118.89642333984375,
11,77,118.44190979003906,
11,78,118.78755950927734,
11,79,118.21034240722656,
11,80,118.6497573852539,
11,81,116.52507019042969,
11,82,112.97308349609375,
11,83,113.02082824707031,97.0
12,1,,
12,2,,
12,3,,
12,4,,
12,5,,
12,6,,
12,7,,
12,8,,
12,9,,
12,10,,
12,11,,
12,12,,
12,13,,
12,14,,
12,15,,
12,16,,
12,17,,
12,18,,
12,19,,
12,20,,
12,21,,
12,22,,
12,23,,
12,24,,
12,25,,
12,26,,
12,27,,
12,28,,
12,29,,
12,30,,
12,31,124.89663696289062,
12,32,124.93148803710938,
12,33,124.51851654052734,
12,34,124.41972351074219,
12,35,124.78318786621094,
12,36,126.25743103027344,
12,37,126.8829116821289,
12,38,126.09652709960938,
12,39,124.098876953125,
12,40,124.88017272949219,
12,41,123.76704406738281,
12,42,123.19061279296875,
12,43,122.81004333496094,
12,44,122.33285522460938,
12,45,122.5184326171875,
12,46,123.98987579345703,
12,47,125.12423706054688,
12,48,125.28041076660156,
12,49,125.71453857421875,
12,50,125.82896423339844,
12,51,125.71656036376953,
12,52,125.60956573486328,
12,53,125.45459747314453,
12,54,125.18559265136719,
12,55,124.99031066894531,
12,56,125.1177978515625,
12,57,125.59065246582031,
12,58,125.44912719726562,
12,59,126.30807495117188,
12,60,126.59684753417969,
12,61,127.20652770996094,
12,62,126.08924102783203,
12,63,125.9869155883789,
12,64,125.2306137084961,
12,65,126.25897979736328,
12,66,126.17398834228516,
12,67,126.07524108886719,
12,68,126.883056640625,
12,69,126.94734191894531,
12,70,126.20831298828125,
12,71,125.92184448242188,
12,72,124.68202209472656,
12,73,123.21788024902344,
12,74,123.16397857666016,
12,75,123.49626159667969,
12,76,123.2781753540039,
12,77,122.71562194824219,
12,78,122.75074005126953,
12,79,123.30245971679688,
12,80,122.39311218261719,
12,81,123.19517517089844,
12,82,122.78004455566406,
12,83,124.33657836914062,
12,84,125.20763397216797,
12,85,124.50306701660156,
12,86,123.92198181152344,
12,87,121.63060760498047,
12,88,122.01188659667969,
12,89,122.48389434814453,
12,90,122.57904052734375,
12,91,122.55502319335938,
12,92,123.07674407958984,
12,93,123.58538818359375,
12,94,124.50955963134766,
12,95,124.97673034667969,
12,96,124.10559844970703,
12,97,124.20259857177734,
12,98,123.03472137451172,
12,99,122.97027587890625,
12,100,120.44476318359375,
12,101,120.78652954101562,
12,102,120.58029174804688,
12,103,121.2861557006836,
12,104,121.5075912475586,
12,105,122.21514892578125,
12,106,121.69395446777344,
12,107,120.55906677246094,
12,108,121.53239440917969,
12,109,121.41373443603516,
12,110,122.71825408935547,
12,111,124.03056335449219,
12,112,122.0654296875,
12,113,120.49742889404297,
12,114,119.949951171875,
12,115,118.43476104736328,
12,116,116.89048767089844,
12,117,115.3498764038086,
12,118,113.59913635253906,
12,119,111.18185424804688,
12,120,109.49659729003906,
12,121,107.45045471191406,
12,122,105.21870422363281,
12,123,103.06871032714844,
12,124,100.1109619140625,
12,125,97.78079223632812,
12,126,96.16814422607422,
12,127,95.45496368408203,
12,128,95.10652923583984,
12,129,94.20620727539062,
12,130,95.5644302368164,
12,131,95.90666198730469,
12,132,94.63923645019531,
12,133,92.88604736328125,
12,134,91.95037841796875,
12,135,91.92191314697266,
12,136,90.02293395996094,
12,137,91.00739288330078,
12,138,88.00017547607422,
12,139,83.62577056884766,
12,140,82.30952453613281,
12,141,80.49822998046875,
12,142,80.54424285888672,
12,143,78.24055480957031,
12,144,77.13817596435547,
12,145,78.60790252685547,
12,146,75.44963073730469,
12,147,75.91091918945312,
12,148,75.45242309570312,
12,149,76.05792236328125,
12,150,75.50736999511719,
12,151,73.44169616699219,
12,152,69.08441162109375,
12,153,67.2077407836914,
12,154,64.69947814941406,
12,155,63.70574951171875,
12,156,59.93471908569336,
12,157,59.240543365478516,
12,158,56.537109375,
12,159,55.8453254699707,
12,160,52.879764556884766,
12,161,51.949764251708984,
12,162,50.108177185058594,
12,163,48.04806137084961,
12,164,46.469139099121094,
12,165,45.73067092895508,
12,166,44.62080383300781,
12,167,43.68006134033203,
12,168,43.33772659301758,
12,169,42.87642288208008,
12,170,42.29856491088867,
12,171,41.3691520690918,
12,172,41.96552658081055,
12,173,42.52462387084961,
12,174,42.66740036010742,
12,175,41.77482986450195,
12,176,40.1335563659668,
12,177,38.83711624145508,
12,178,36.606449127197266,
12,179,34.616146087646484,
12,180,32.6607551574707,
12,181,30.993759155273438,
12,182,29.14947509765625,
12,183,28.595840454101562,
12,184,27.704204559326172,
12,185,26.113664627075195,
12,186,24.632375717163086,
12,187,23.159015655517578,
12,188,22.950441360473633,
12,189,22.695194244384766,
12,190,21.28915786743164,
12,191,20.19854736328125,
12,192,126.35441589355469,
12,193,127.86393737792969,
12,194,128.2755584716797,
12,195,127.98098754882812,
12,196,127.3863296508789,
12,197,127.44599151611328,
12,198,126.3455810546875,
12,199,125.65499877929688,
12,200,126.01034545898438,
12,201,125.19828796386719,
12,202,119.14128875732422,
12,203,113.37438201904297,
12,204,108.94984436035156,
12,205,105.88290405273438,
12,206,100.998291015625,
12,207,102.63214111328125,
12,208,101.60897064208984,
12,209,102.62632751464844,
12,210,113.11438751220703,
12,211,114.54254150390625,
12,212,116.91435241699219,
12,213,108.77249908447266,
12,214,111.98873901367188,
12,215,106.91332244873047,
12,216,110.66278839111328,
12,217,116.84284973144531,124.0
13,1,,
13,2,,
13,3,,
13,4,,
13,5,,
13,6,,
13,7,,
13,8,,
13,9,,
13,10,,
13,11,,
13,12,,
13,13,,
13,14,,
13,15,,
13,16,,
13,17,,
13,18,,
13,19,,
13,20,,
13,21,,
13,22,,
13,23,,
13,24,,
13,25,,
13,26,,
13,27,,
13,28,,
13,29,,
13,30,,
13,31,118.25711059570312,
13,32,117.90072631835938,
13,33,118.28459167480469,
13,34,117.4814453125,
13,35,117.20748901367188,
13,36,117.2823486328125,
13,37,119.40162658691406,
13,38,120.13076782226562,
13,39,122.50328826904297,
13,40,121.40856170654297,
13,41,121.58499145507812,
13,42,121.55594635009766,
13,43,120.36405944824219,
13,44,120.71328735351562,
13,45,118.65325164794922,
13,46,116.87841033935547,
13,47,115.02375030517578,
13,48,115.17325592041016,
13,49,115.71435546875,
13,50,118.39217376708984,
13,51,119.41943359375,
13,52,117.65946960449219,
13,53,117.83137512207031,
13,54,115.11099243164062,
13,55,113.70637512207031,
13,56,109.90436553955078,
13,57,108.19261169433594,
13,58,108.06321716308594,
13,59,108.73800659179688,
13,60,110.1907958984375,
13,61,110.65851593017578,
13,62,111.25914001464844,
13,63,111.62020874023438,
13,64,112.64450073242188,
13,65,114.6535873413086,
13,66,114.49040985107422,
13,67,116.21037292480469,
13,68,117.43785095214844,
13,69,118.32017517089844,
13,70,118.6440200805664,
13,71,118.494140625,
13,72,118.193603515625,
13,73,119.40782928466797,
13,74,122.13782501220703,
13,75,123.87369537353516,
13,76,123.62122344970703,
13,77,123.14947509765625,
13,78,121.70806121826172,
13,79,122.81414031982422,
13,80,122.50353240966797,
13,81,122.65129852294922,
13,82,122.60903930664062,
13,83,123.5870132446289,
13,84,123.63053894042969,
13,85,123.24398040771484,
13,86,122.77153015136719,
13,87,122.26383972167969,
13,88,123.14793395996094,
13,89,120.79904174804688,
13,90,121.38206481933594,
13,91,120.39689636230469,
13,92,118.54818725585938,
13,93,119.25366973876953,
13,94,120.39522552490234,
13,95,119.98983764648438,
13,96,120.33374786376953,
13,97,122.03158569335938,
13,98,122.00145721435547,
13,99,120.86096954345703,
13,100,123.23289489746094,
13,101,124.57041931152344,
13,102,125.69003295898438,
13,103,125.9418716430664,
13,104,126.49577331542969,
13,105,126.6873779296875,
13,106,125.22843933105469,
13,107,125.19939422607422,
13,108,124.89663696289062,
13,109,124.93148803710938,
13,110,124.51851654052734,
13,111,124.41972351074219,
13,112,124.78318786621094,
13,113,126.25743103027344,
13,114,126.8829116821289,
13,115,126.09652709960938,
13,116,124.098876953125,
13,117,124.88017272949219,
13,118,123.76704406738281,
13,119,123.19061279296875,
13,120,122.81004333496094,
13,121,122.33285522460938,
13,122,122.5184326171875,
13,123,123.98987579345703,
13,124,125.12423706054688,
13,125,125.28041076660156,
13,126,125.71453857421875,
13,127,125.82896423339844,
13,128,125.71656036376953,
13,129,125.60956573486328,
13,130,125.45459747314453,
13,131,125.18559265136719,
13,132,124.99031066894531,
13,133,125.1177978515625,
13,134,125.59065246582031,
13,135,125.44912719726562,
13,136,126.30807495117188,
13,137,126.59684753417969,
13,138,127.20652770996094,
13,139,126.08924102783203,
13,140,125.9869155883789,
13,141,125.2306137084961,
13,142,126.25897979736328,
13,143,126.17398834228516,
13,144,126.07524108886719,
13,145,126.883056640625,
13,146,126.94734191894531,
13,147,126.20831298828125,
13,148,125.92184448242188,
13,149,124.68202209472656,
13,150,123.21788024902344,
13,151,123.16397857666016,
13,152,123.49626159667969,
13,153,123.2781753540039,
13,154,122.71562194824219,
13,155,122.75074005126953,
13,156,123.30245971679688,
13,157,122.39311218261719,
13,158,123.19517517089844,
13,159,122.78004455566406,
13,160,124.33657836914062,
13,161,125.20763397216797,
13,162,124.50306701660156,
13,163,123.92198181152344,
13,164,121.63060760498047,
13,165,122.01188659667969,
13,166,122.48389434814453,
13,167,122.57904052734375,
13,168,122.55502319335938,
13,169,123.07674407958984,
13,170,123.58538818359375,
13,171,124.50955963134766,
13,172,124.97673034667969,
13,173,124.10559844970703,
13,174,124.20259857177734,
13,175,123.03472137451172,
13,176,122.97027587890625,
13,177,120.44476318359375,
13,178,120.78652954101562,
13,179,120.58029174804688,
13,180,121.2861557006836,
13,181,121.5075912475586,
13,182,122.21514892578125,
13,183,121.69395446777344,
13,184,120.55906677246094,
13,185,121.53239440917969,
13,186,121.41373443603516,
13,187,122.71825408935547,
13,188,124.03056335449219,
13,189,122.0654296875,
13,190,120.49742889404297,
13,191,119.949951171875,
13,192,118.43476104736328,
13,193,116.89048767089844,
13,194,115.3498764038086,
13,195,113.59913635253906,95.0
14,1,,
14,2,,
14,3,,
14,4,,
14,5,,
14,6,,
14,7,,
14,8,,
14,9,,
14,10,,
14,11,,
14,12,,
14,13,,
14,14,,
14,15,,
14,16,,
14,17,,
14,18,,
14,19,,
14,20,,
14,21,,
14,22,,
14,23,,
14,24,,
14,25,,
14,26,,
14,27,,
14,28,,
14,29,,
14,30,,
14,31,94.91226196289062,
14,32,96.98268127441406,
14,33,96.0391845703125,
14,34,95.69853210449219,
14,35,95.18965911865234,
14,36,95.91082763671875,
14,37,97.67832946777344,
14,38,94.62974548339844,
14,39,98.31246185302734,
14,40,102.74649810791016,
14,41,105.26023864746094,
14,42,110.214599609375,
14,43,113.7568359375,
14,44,117.21627044677734,
14,45,117.39421844482422,
14,46,119.04856872558594,107.0
15,1,,
15,2,,
15,3,,
15,4,,
15,5,,
15,6,,
15,7,,
15,8,,
15,9,,
15,10,,
15,11,,
15,12,,
15,13,,
15,14,,
15,15,,
15,16,,
15,17,,
15,18,,
15,19,,
15,20,,
15,21,,
15,22,,
15,23,,
15,24,,
15,25,,
15,26,,
15,27,,
15,28,,
15,29,,
15,30,,
15,31,124.23237609863281,
15,32,122.65963745117188,
15,33,123.01390075683594,
15,34,124.28455352783203,
15,35,124.54025268554688,
15,36,124.61811828613281,
15,37,124.67613220214844,
15,38,124.01388549804688,
15,39,122.71542358398438,
15,40,123.02918243408203,
15,41,122.91830444335938,
15,42,123.01879119873047,
15,43,123.88407897949219,
15,44,123.61221313476562,
15,45,123.1412582397461,
15,46,122.79104614257812,
15,47,122.01839447021484,
15,48,122.4767074584961,
15,49,123.34182739257812,
15,50,123.96233367919922,
15,51,122.86807250976562,
15,52,123.32005310058594,
15,53,123.56787109375,
15,54,123.79065704345703,
15,55,123.26922607421875,
15,56,122.98572540283203,
15,57,123.29629516601562,
15,58,123.38640594482422,
15,59,123.10391998291016,
15,60,122.7017822265625,
15,61,122.41024017333984,
15,62,121.59835815429688,
15,63,122.73458099365234,
15,64,122.27473449707031,
15,65,122.02555084228516,
15,66,120.75498962402344,
15,67,117.32991027832031,
15,68,115.38094329833984,
15,69,114.60087585449219,
15,70,114.19865417480469,
15,71,113.75684356689453,
15,72,114.40664672851562,
15,73,118.168701171875,
15,74,118.94888305664062,
15,75,118.55455780029297,
15,76,117.52961730957031,83.0
16,1,,
16,2,,
16,3,,
16,4,,
16,5,,
16,6,,
16,7,,
16,8,,
16,9,,
16,10,,
16,11,,
16,12,,
16,13,,
16,14,,
16,15,,
16,16,,
16,17,,
16,18,,
16,19,,
16,20,,
16,21,,
16,22,,
16,23,,
16,24,,
16,25,,
16,26,,
16,27,,
16,28,,
16,29,,
16,30,,
16,31,96.164794921875,
16,32,99.45420837402344,
16,33,104.182861328125,
16,34,103.48681640625,
16,35,104.82662963867188,
16,36,103.78074645996094,
16,37,102.84724426269531,
16,38,102.32658386230469,
16,39,100.87612915039062,
16,40,98.84690856933594,
16,41,122.22876739501953,
16,42,121.75440979003906,
16,43,121.43650817871094,
16,44,122.77085876464844,
16,45,122.46995544433594,
16,46,123.4859848022461,
16,47,122.89118957519531,
16,48,122.14525604248047,
16,49,122.68991088867188,
16,50,123.31100463867188,
16,51,121.7828598022461,
16,52,121.13925170898438,
16,53,120.99893188476562,
16,54,121.52120971679688,
16,55,121.92742919921875,
16,56,123.18525695800781,
16,57,124.23086547851562,
16,58,122.4256820678711,
16,59,121.16333770751953,
16,60,115.02516174316406,
16,61,112.60965728759766,
16,62,108.74070739746094,
16,63,107.92985534667969,
16,64,110.44429016113281,
16,65,114.16822814941406,
16,66,119.27442932128906,
16,67,123.32376861572266,
16,68,123.05718231201172,
16,69,123.19523620605469,
16,70,123.47264862060547,
16,71,125.8131103515625,
16,72,125.97767639160156,
16,73,125.90278625488281,
16,74,125.80180358886719,
16,75,123.97802734375,
16,76,121.75302124023438,
16,77,122.50403594970703,
16,78,122.01436614990234,
16,79,121.0089111328125,
16,80,120.92771911621094,
16,81,119.7234878540039,
16,82,118.38652038574219,
16,83,117.55784606933594,
16,84,117.1298828125,
16,85,119.40086364746094,
16,86,119.08151245117188,
16,87,119.55068969726562,
16,88,119.95862579345703,
16,89,119.88096618652344,
16,90,118.04087829589844,
16,91,116.7205810546875,
16,92,117.4826431274414,
16,93,118.69427490234375,
16,94,121.65492248535156,
16,95,124.31588745117188,
16,96,123.93048095703125,
16,97,124.93360900878906,
16,98,125.96955871582031,
16,99,125.94316101074219,
16,100,124.69355010986328,
16,101,124.66374206542969,
16,102,122.49970245361328,
16,103,122.05198669433594,
16,104,120.90057373046875,
16,105,118.16768646240234,
16,106,112.75604248046875,
16,107,107.08949279785156,
16,108,101.24617004394531,
16,109,94.80908203125,
16,110,90.53268432617188,
16,111,87.19374084472656,
16,112,82.90553283691406,
16,113,85.38719177246094,84.0
17,1,,
17,2,,
17,3,,
17,4,,
17,5,,
17,6,,
17,7,,
17,8,,
17,9,,
17,10,,
17,11,,
17,12,,
17,13,,
17,14,,
17,15,,
17,16,,
17,17,,
17,18,,
17,19,,
17,20,,
17,21,,
17,22,,
17,23,,
17,24,,
17,25,,
17,26,,
17,27,,
17,28,,
17,29,,
17,30,,
17,31,91.95037841796875,
17,32,91.92191314697266,
17,33,90.02293395996094,
17,34,91.00739288330078,
17,35,88.00017547607422,
17,36,83.62577056884766,
17,37,82.30952453613281,
17,38,80.49822998046875,
17,39,80.54424285888672,
17,40,78.24055480957031,
17,41,77.13817596435547,
17,42,78.60790252685547,
17,43,75.44963073730469,
17,44,75.91091918945312,
17,45,75.45242309570312,
17,46,76.05792236328125,
17,47,75.50736999511719,
17,48,73.44169616699219,
17,49,69.08441162109375,
17,50,67.2077407836914,
17,51,64.69947814941406,
17,52,63.70574951171875,
17,53,59.93471908569336,
17,54,59.240543365478516,
17,55,56.537109375,
17,56,55.8453254699707,
17,57,52.879764556884766,
17,58,51.949764251708984,
17,59,50.108177185058594,
17,60,48.04806137084961,
17,61,46.469139099121094,
17,62,45.73067092895508,
17,63,44.62080383300781,
17,64,43.68006134033203,
17,65,43.33772659301758,
17,66,42.87642288208008,
17,67,42.29856491088867,
17,68,41.3691520690918,
17,69,41.96552658081055,
17,70,42.52462387084961,
17,71,42.66740036010742,
17,72,41.77482986450195,
17,73,40.1335563659668,
17,74,38.83711624145508,
17,75,36.606449127197266,
17,76,34.616146087646484,
17,77,32.6607551574707,
17,78,30.993759155273438,
17,79,29.14947509765625,
17,80,28.595840454101562,
17,81,27.704204559326172,
17,82,26.113664627075195,
17,83,24.632375717163086,
17,84,23.159015655517578,
17,85,22.950441360473633,
17,86,22.695194244384766,
17,87,21.28915786743164,
17,88,20.19854736328125,
17,89,126.35441589355469,
17,90,127.86393737792969,
17,91,128.2755584716797,
17,92,127.98098754882812,
17,93,127.3863296508789,
17,94,127.44599151611328,
17,95,126.3455810546875,
17,96,125.65499877929688,
17,97,126.01034545898438,
17,98,125.19828796386719,
17,99,119.14128875732422,
17,100,113.37438201904297,
17,101,108.94984436035156,
17,102,105.88290405273438,
17,103,100.998291015625,
17,104,102.63214111328125,
17,105,101.60897064208984,
17,106,102.62632751464844,
17,107,113.11438751220703,
17,108,114.54254150390625,
17,109,116.91435241699219,
17,110,108.77249908447266,
17,111,111.98873901367188,
17,112,106.91332244873047,
17,113,110.66278839111328,
17,114,116.84284973144531,
17,115,120.38912963867188,
17,116,123.28958129882812,
17,117,123.86124420166016,
17,118,124.34113311767578,
17,119,124.4786376953125,
17,120,124.00918579101562,
17,121,125.22942352294922,
17,122,122.84550476074219,
17,123,125.30726623535156,
17,124,126.16316223144531,
17,125,126.85780334472656,
17,126,127.12459564208984,
17,127,126.94063568115234,
17,128,126.48706817626953,
17,129,125.63569641113281,
17,130,124.30714416503906,
17,131,124.20843505859375,
17,132,123.5374526977539,
17,133,125.45154571533203,
17,134,123.31105041503906,
17,135,121.35739135742188,
17,136,120.87504577636719,
17,137,120.80827331542969,
17,138,121.01913452148438,
17,139,120.34467315673828,
17,140,120.55721282958984,
17,141,119.14835357666016,
17,142,119.74726867675781,
17,143,120.86630249023438,
17,144,119.89202880859375,
17,145,120.02835845947266,
17,146,122.0565185546875,
17,147,120.63179016113281,
17,148,119.19686889648438,
17,149,119.98760223388672,
17,150,120.84976196289062,
17,151,123.43315887451172,
17,152,124.99858093261719,
17,153,122.14274597167969,
17,154,121.7016830444336,
17,155,121.64099884033203,
17,156,121.5536117553711,
17,157,123.16716003417969,
17,158,124.39258575439453,
17,159,125.03581237792969,
17,160,124.88849639892578,
17,161,124.81660461425781,
17,162,124.26162719726562,
17,163,124.09039306640625,
17,164,124.01106262207031,
17,165,124.98091125488281,50.0
18,1,,
18,2,,
18,3,,
18,4,,
18,5,,
18,6,,
18,7,,
18,8,,
18,9,,
18,10,,
18,11,,
18,12,,
18,13,,
18,14,,
18,15,,
18,16,,
18,17,,
18,18,,
18,19,,
18,20,,
18,21,,
18,22,,
18,23,,
18,24,,
18,25,,
18,26,,
18,27,,
18,28,,
18,29,,
18,30,,
18,31,83.88796997070312,
18,32,88.1407470703125,
18,33,78.76968383789062,
18,34,75.66483306884766,
18,35,79.8573989868164,
18,36,82.93571472167969,
18,37,92.98748779296875,
18,38,98.13717651367188,
18,39,98.81719970703125,
18,40,114.36093139648438,
18,41,120.48750305175781,
18,42,117.23431396484375,
18,43,122.70116424560547,
18,44,125.88372039794922,
18,45,126.84698486328125,
18,46,128.5652618408203,
18,47,129.11923217773438,
18,48,129.77081298828125,
18,49,128.44773864746094,
18,50,126.62348175048828,
18,51,124.58773803710938,
18,52,125.89466094970703,
18,53,123.0122299194336,
18,54,122.97832489013672,
18,55,121.02488708496094,
18,56,121.95277404785156,
18,57,121.83743286132812,
18,58,118.55072021484375,
18,59,116.44386291503906,
18,60,111.48388671875,
18,61,104.07518005371094,
18,62,97.0912094116211,
18,63,83.84700012207031,
18,64,76.63804626464844,
18,65,69.40843200683594,
18,66,62.52317428588867,
18,67,58.29824447631836,
18,68,56.13389587402344,
18,69,58.67897415161133,
18,70,61.6540641784668,
18,71,60.046268463134766,
18,72,60.94308090209961,
18,73,54.432796478271484,
18,74,60.944313049316406,
18,75,59.01979446411133,
18,76,64.43061065673828,
18,77,71.89805603027344,
18,78,82.44049072265625,
18,79,90.49150085449219,
18,80,102.32589721679688,
18,81,102.52688598632812,
18,82,108.8045654296875,
18,83,110.17181396484375,
18,84,105.28414154052734,
18,85,99.10067749023438,
18,86,90.8686752319336,
18,87,67.188232421875,
18,88,56.00114059448242,
18,89,49.77280044555664,
18,90,46.67610168457031,
18,91,43.5097541809082,
18,92,33.69636154174805,
18,93,29.178062438964844,
18,94,25.003978729248047,
18,95,22.503150939941406,
18,96,24.562604904174805,
18,97,25.91295623779297,
18,98,27.712867736816406,
18,99,28.241634368896484,
18,100,26.743938446044922,
18,101,26.776405334472656,
18,102,27.655376434326172,
18,103,26.92215347290039,
18,104,26.68372917175293,
18,105,26.632843017578125,
18,106,26.555049896240234,
18,107,26.92784309387207,
18,108,25.417125701904297,
18,109,23.714521408081055,
18,110,22.841690063476562,
18,111,22.322322845458984,
18,112,19.82893180847168,
18,113,17.391145706176758,
18,114,14.866137504577637,
18,115,123.42733001708984,
18,116,123.04523468017578,
18,117,122.30108642578125,
18,118,121.33226013183594,
18,119,119.4119873046875,
18,120,118.71377563476562,
18,121,120.99890899658203,
18,122,121.55262756347656,
18,123,122.12153625488281,
18,124,122.88213348388672,
18,125,124.08012390136719,
18,126,125.39744567871094,
18,127,125.11465454101562,
18,128,124.86981201171875,
18,129,123.5994873046875,
18,130,122.27565002441406,
18,131,121.4930191040039,
18,132,123.55722045898438,
18,133,124.3873291015625,28.0
19,1,,
19,2,,
19,3,,
19,4,,
19,5,,
19,6,,
19,7,,
19,8,,
19,9,,
19,10,,
19,11,,
19,12,,
19,13,,
19,14,,
19,15,,
19,16,,
19,17,,
19,18,,
19,19,,
19,20,,
19,21,,
19,22,,
19,23,,
19,24,,
19,25,,
19,26,,
19,27,,
19,28,,
19,29,,
19,30,,
19,31,119.9915542602539,
19,32,116.43302154541016,
19,33,114.28385925292969,
19,34,114.02314758300781,
19,35,115.56633758544922,
19,36,116.46034240722656,
19,37,115.22279357910156,
19,38,115.74695587158203,
19,39,115.15107727050781,
19,40,113.4954605102539,
19,41,113.29890441894531,
19,42,113.46754455566406,
19,43,111.77662658691406,
19,44,112.96935272216797,
19,45,112.8489761352539,
19,46,114.96029663085938,
19,47,116.30766296386719,
19,48,118.41470336914062,
19,49,119.82186889648438,
19,50,121.30620574951172,
19,51,121.41447448730469,
19,52,120.97905731201172,
19,53,121.69805908203125,
19,54,121.39321899414062,
19,55,121.2009048461914,
19,56,118.62446594238281,
19,57,117.26827239990234,
19,58,115.33616638183594,
19,59,115.42985534667969,
19,60,114.17298889160156,
19,61,114.958984375,
19,62,116.91893005371094,
19,63,116.91400909423828,
19,64,117.65985870361328,
19,65,116.4177474975586,
19,66,116.21286010742188,
19,67,115.06507873535156,
19,68,112.50997924804688,
19,69,109.76647186279297,
19,70,105.91541290283203,
19,71,101.23501586914062,
19,72,98.98481750488281,
19,73,95.76409912109375,
19,74,94.69255828857422,
19,75,93.78111267089844,
19,76,92.33563232421875,
19,77,91.39781188964844,
19,78,92.54983520507812,
19,79,97.27639770507812,
19,80,99.05423736572266,
19,81,104.34156799316406,
19,82,107.34375762939453,
19,83,108.20458984375,
19,84,110.66227722167969,
19,85,113.3304214477539,
19,86,113.77721405029297,
19,87,114.95767974853516,
19,88,110.90478515625,
19,89,111.59397888183594,
19,90,110.42037200927734,
19,91,107.75973510742188,
19,92,104.5715560913086,
19,93,101.43681335449219,
19,94,125.70770263671875,
19,95,126.8393325805664,
19,96,125.91349792480469,
19,97,125.27182006835938,
19,98,122.22927856445312,
19,99,121.8962631225586,
19,100,121.12569427490234,
19,101,120.85781860351562,
19,102,120.37551879882812,
19,103,125.90739440917969,
19,104,126.00743103027344,
19,105,126.79415130615234,
19,106,126.18669128417969,
19,107,126.0357666015625,
19,108,126.34378051757812,
19,109,126.61624908447266,
19,110,124.71392822265625,
19,111,125.50801086425781,
19,112,125.16917419433594,
19,113,125.30427551269531,
19,114,126.63214874267578,
19,115,124.89039611816406,
19,116,123.78912353515625,
19,117,121.76432800292969,
19,118,120.92872619628906,
19,119,119.59123229980469,
19,120,118.76069641113281,
19,121,118.25711059570312,
19,122,117.90072631835938,
19,123,118.28459167480469,
19,124,117.4814453125,
19,125,117.20748901367188,
19,126,117.2823486328125,
19,127,119.40162658691406,
19,128,120.13076782226562,
19,129,122.50328826904297,
19,130,121.40856170654297,
19,131,121.58499145507812,
19,132,121.55594635009766,
19,133,120.36405944824219,
19,134,120.71328735351562,
19,135,118.65325164794922,87.0
20,1,,
20,2,,
20,3,,
20,4,,
20,5,,
20,6,,
20,7,,
20,8,,
20,9,,
20,10,,
20,11,,
20,12,,
20,13,,
20,14,,
20,15,,
20,16,,
20,17,,
20,18,,
20,19,,
20,20,,
20,21,,
20,22,,
20,23,,
20,24,,
20,25,,
20,26,,
20,27,,
20,28,,
20,29,,
20,30,,
20,31,24.631101608276367,
20,32,21.822999954223633,
20,33,17.69278335571289,
20,34,16.698949813842773,
20,35,15.699519157409668,
20,36,13.825530052185059,
20,37,11.758427619934082,
20,38,10.361762046813965,
20,39,9.412674903869629,
20,40,7.929838180541992,
20,41,7.437734603881836,
20,42,6.9996747970581055,
20,43,7.041515350341797,
20,44,6.549241542816162,
20,45,123.03144836425781,
20,46,123.37985229492188,
20,47,123.79560852050781,
20,48,124.12339782714844,
20,49,123.6922607421875,
20,50,124.15533447265625,
20,51,124.97428894042969,
20,52,125.6812744140625,
20,53,127.30073547363281,
20,54,128.22340393066406,
20,55,126.96487426757812,
20,56,127.66390228271484,
20,57,125.97869873046875,
20,58,125.26057434082031,
20,59,125.09432983398438,
20,60,124.88763427734375,
20,61,125.36019897460938,
20,62,126.25201416015625,
20,63,126.31204223632812,
20,64,126.39673614501953,
20,65,124.52033996582031,
20,66,124.25439453125,
20,67,124.68323516845703,
20,68,123.97108459472656,
20,69,123.24493408203125,
20,70,124.28726196289062,
20,71,124.03433227539062,
20,72,123.79811096191406,
20,73,124.4453353881836,
20,74,124.65281677246094,
20,75,124.37635803222656,
20,76,124.6148452758789,
20,77,124.85769653320312,
20,78,124.65724182128906,
20,79,124.32357788085938,
20,80,124.47867584228516,
20,81,124.8208236694336,
20,82,124.34611511230469,
20,83,124.2848129272461,
20,84,123.34210968017578,
20,85,122.96220397949219,
20,86,123.09625244140625,
20,87,122.11666870117188,
20,88,122.09781646728516,
20,89,121.6915283203125,
20,90,121.6377182006836,
20,91,119.57546997070312,
20,92,119.46171569824219,
20,93,121.19267272949219,
20,94,121.5545883178711,
20,95,121.56254577636719,
20,96,121.9992904663086,
20,97,122.79608154296875,
20,98,123.48015594482422,
20,99,124.07821655273438,
20,100,123.29218292236328,
20,101,123.47090148925781,
20,102,123.09173583984375,
20,103,122.68421936035156,
20,104,122.5228042602539,
20,105,121.93934631347656,
20,106,121.26439666748047,
20,107,121.44863891601562,
20,108,121.61959075927734,
20,109,121.57308197021484,
20,110,120.47152709960938,
20,111,119.951416015625,
20,112,118.97774505615234,
20,113,117.65521240234375,
20,114,116.68347930908203,
20,115,113.08708953857422,
20,116,111.06228637695312,
20,117,108.17955780029297,
20,118,107.37925720214844,
20,119,105.09242248535156,
20,120,102.56929016113281,
20,121,103.00137329101562,
20,122,103.99134826660156,
20,123,110.42233276367188,
20,124,112.00486755371094,
20,125,112.79092407226562,
20,126,111.60261535644531,
20,127,112.27801513671875,
20,128,112.9296646118164,
20,129,113.43727111816406,
20,130,112.00627136230469,
20,131,110.99217987060547,
20,132,111.35565185546875,
20,133,111.60621643066406,
20,134,109.327880859375,
20,135,108.16775512695312,
20,136,103.6845703125,
20,137,103.18125915527344,
20,138,97.07833862304688,
20,139,93.5877685546875,
20,140,92.57328796386719,
20,141,91.2529296875,
20,142,90.30252075195312,
20,143,89.47264862060547,
20,144,89.00973510742188,
20,145,88.52848815917969,
20,146,85.71900939941406,
20,147,82.5416259765625,
20,148,78.71119689941406,
20,149,73.92829895019531,
20,150,72.51758575439453,
20,151,71.43055725097656,
20,152,70.24567413330078,
20,153,68.05777740478516,
20,154,65.29088592529297,
20,155,65.14405822753906,
20,156,63.21802520751953,
20,157,60.016239166259766,
20,158,58.648414611816406,
20,159,57.29045867919922,
20,160,124.69731140136719,
20,161,124.29901123046875,
20,162,124.32498931884766,
20,163,122.99398803710938,
20,164,124.05830383300781,
20,165,124.82971954345703,
20,166,124.06657409667969,
20,167,124.977783203125,
20,168,121.06318664550781,
20,169,122.07257080078125,
20,170,123.67044067382812,
20,171,119.86399841308594,
20,172,113.06706237792969,
20,173,114.37857055664062,
20,174,116.52825927734375,
20,175,115.70077514648438,
20,176,117.00287628173828,
20,177,118.64356994628906,
20,178,114.63623046875,
20,179,106.22261810302734,
20,180,126.23976135253906,
20,181,126.68302917480469,
20,182,125.39225769042969,
20,183,124.60836791992188,
20,184,124.3125,16.0
21,1,,
21,2,,
21,3,,
21,4,,
21,5,,
21,6,,
21,7,,
21,8,,
21,9,,
21,10,,
21,11,,
21,12,,
21,13,,
21,14,,
21,15,,
21,16,,
21,17,,
21,18,,
21,19,,
21,20,,
21,21,,
21,22,,
21,23,,
21,24,,
21,25,,
21,26,,
21,27,,
21,28,,
21,29,,
21,30,,
21,31,120.92671203613281,
21,32,119.875244140625,
21,33,120.15184783935547,
21,34,120.49065399169922,
21,35,120.59074401855469,
21,36,118.89249420166016,
21,37,117.54400634765625,
21,38,115.77082824707031,
21,39,111.3472671508789,
21,40,110.318359375,
21,41,110.82917785644531,
21,42,108.88792419433594,
21,43,106.6837158203125,
21,44,107.06040954589844,
21,45,106.12677764892578,
21,46,102.44032287597656,
21,47,98.32417297363281,
21,48,94.75492858886719,
21,49,92.02384948730469,
21,50,90.73475646972656,
21,51,87.13726806640625,
21,52,82.54198455810547,
21,53,83.43816375732422,
21,54,87.40576171875,
21,55,87.07148742675781,
21,56,85.00341796875,
21,57,87.66110229492188,
21,58,86.00941467285156,
21,59,85.01596069335938,
21,60,82.74922943115234,
21,61,89.71748352050781,
21,62,91.43553161621094,
21,63,97.75019836425781,
21,64,99.23068237304688,
21,65,101.28717041015625,
21,66,104.28973388671875,
21,67,108.20172119140625,
21,68,111.32870483398438,
21,69,112.4627456665039,
21,70,117.11997985839844,
21,71,118.7568359375,
21,72,119.87902069091797,
21,73,121.05543518066406,
21,74,121.36552429199219,
21,75,121.39503479003906,
21,76,121.69424438476562,
21,77,123.51075744628906,
21,78,124.71179962158203,
21,79,123.17229461669922,
21,80,123.9140625,
21,81,124.35441589355469,
21,82,125.3746337890625,
21,83,124.70478820800781,
21,84,122.80148315429688,
21,85,121.55610656738281,
21,86,119.21063232421875,
21,87,119.0608139038086,
21,88,120.09683227539062,
21,89,119.51896667480469,
21,90,118.85850524902344,
21,91,119.10273742675781,
21,92,123.02890014648438,
21,93,120.90635681152344,
21,94,121.98220825195312,
21,95,123.97024536132812,
21,96,123.92018127441406,
21,97,122.86085510253906,
21,98,123.26023864746094,
21,99,122.90596771240234,
21,100,122.5439224243164,
21,101,121.29706573486328,
21,102,123.94257354736328,
21,103,123.7405776977539,
21,104,123.72711181640625,
21,105,125.48675537109375,
21,106,126.03877258300781,
21,107,125.22208404541016,
21,108,124.08442687988281,
21,109,124.1156005859375,
21,110,123.88081359863281,
21,111,124.1869888305664,
21,112,123.47953033447266,
21,113,126.28318786621094,
21,114,124.81703186035156,
21,115,123.98223114013672,
21,116,123.44282531738281,
21,117,123.98333740234375,
21,118,127.59833526611328,
21,119,128.26495361328125,
21,120,127.60236358642578,
21,121,126.16069793701172,
21,122,125.73667907714844,
21,123,126.6181640625,
21,124,125.59600830078125,
21,125,125.68761444091797,
21,126,126.8333969116211,
21,127,126.85995483398438,
21,128,127.52836608886719,
21,129,129.24832153320312,
21,130,127.4804916381836,
21,131,127.70695495605469,
21,132,126.6046142578125,
21,133,123.6424560546875,
21,134,124.74539184570312,
21,135,122.80982208251953,
21,136,120.32405090332031,
21,137,119.41263580322266,
21,138,120.02291870117188,
21,139,120.57423400878906,
21,140,117.92457580566406,
21,141,119.34355163574219,
21,142,119.21426391601562,
21,143,119.36019897460938,
21,144,119.10493469238281,
21,145,115.10067749023438,
21,146,111.74684143066406,
21,147,113.38369750976562,
21,148,115.80652618408203,57.0
22,1,,
22,2,,
22,3,,
22,4,,
22,5,,
22,6,,
22,7,,
22,8,,
22,9,,
22,10,,
22,11,,
22,12,,
22,13,,
22,14,,
22,15,,
22,16,,
22,17,,
22,18,,
22,19,,
22,20,,
22,21,,
22,22,,
22,23,,
22,24,,
22,25,,
22,26,,
22,27,,
22,28,,
22,29,,
22,30,,
22,31,123.58450317382812,
22,32,122.34512329101562,
22,33,120.04745483398438,
22,34,122.5168228149414,
22,35,123.89791107177734,
22,36,124.49021911621094,
22,37,126.41921997070312,
22,38,128.16636657714844,
22,39,129.54649353027344,111.0
23,1,,
23,2,,
23,3,,
23,4,,
23,5,,
23,6,,
23,7,,
23,8,,
23,9,,
23,10,,
23,11,,
23,12,,
23,13,,
23,14,,
23,15,,
23,16,,
23,17,,
23,18,,
23,19,,
23,20,,
23,21,,
23,22,,
23,23,,
23,24,,
23,25,,
23,26,,
23,27,,
23,28,,
23,29,,
23,30,,
23,31,42.66740036010742,
23,32,41.77482986450195,
23,33,40.1335563659668,
23,34,38.83711624145508,
23,35,36.606449127197266,
23,36,34.616146087646484,
23,37,32.6607551574707,
23,38,30.993759155273438,
23,39,29.14947509765625,
23,40,28.595840454101562,
23,41,27.704204559326172,
23,42,26.113664627075195,
23,43,24.632375717163086,
23,44,23.159015655517578,
23,45,22.950441360473633,
23,46,22.695194244384766,
23,47,21.28915786743164,
23,48,20.19854736328125,
23,49,126.35441589355469,
23,50,127.86393737792969,
23,51,128.2755584716797,
23,52,127.98098754882812,
23,53,127.3863296508789,
23,54,127.44599151611328,
23,55,126.3455810546875,
23,56,125.65499877929688,
23,57,126.01034545898438,
23,58,125.19828796386719,
23,59,119.14128875732422,
23,60,113.37438201904297,
23,61,108.94984436035156,
23,62,105.88290405273438,
23,63,100.998291015625,
23,64,102.63214111328125,
23,65,101.60897064208984,
23,66,102.62632751464844,
23,67,113.11438751220703,
23,68,114.54254150390625,
23,69,116.91435241699219,
23,70,108.77249908447266,
23,71,111.98873901367188,
23,72,106.91332244873047,
23,73,110.66278839111328,
23,74,116.84284973144531,
23,75,120.38912963867188,
23,76,123.28958129882812,
23,77,123.86124420166016,
23,78,124.34113311767578,
23,79,124.4786376953125,
23,80,124.00918579101562,
23,81,125.22942352294922,
23,82,122.84550476074219,
23,83,125.30726623535156,
23,84,126.16316223144531,
23,85,126.85780334472656,
23,86,127.12459564208984,
23,87,126.94063568115234,
23,88,126.48706817626953,
23,89,125.63569641113281,
23,90,124.30714416503906,
23,91,124.20843505859375,
23,92,123.5374526977539,
23,93,125.45154571533203,
23,94,123.31105041503906,
23,95,121.35739135742188,
23,96,120.87504577636719,
23,97,120.80827331542969,
23,98,121.01913452148438,
23,99,120.34467315673828,
23,100,120.55721282958984,
23,101,119.14835357666016,
23,102,119.74726867675781,
23,103,120.86630249023438,
23,104,119.89202880859375,
23,105,120.02835845947266,
23,106,122.0565185546875,
23,107,120.63179016113281,
23,108,119.19686889648438,
23,109,119.98760223388672,
23,110,120.84976196289062,
23,111,123.43315887451172,
23,112,124.99858093261719,
23,113,122.14274597167969,
23,114,121.7016830444336,
23,115,121.64099884033203,
23,116,121.5536117553711,
23,117,123.16716003417969,
23,118,124.39258575439453,
23,119,125.03581237792969,
23,120,124.88849639892578,
23,121,124.81660461425781,
23,122,124.26162719726562,
23,123,124.09039306640625,
23,124,124.01106262207031,
23,125,124.98091125488281,
23,126,125.50436401367188,
23,127,125.6470947265625,
23,128,126.23544311523438,
23,129,126.92986297607422,
23,130,125.73192596435547,113.0
24,1,,
24,2,,
24,3,,
24,4,,
24,5,,
24,6,,
24,7,,
24,8,,
24,9,,
24,10,,
24,11,,
24,12,,
24,13,,
24,14,,
24,15,,
24,16,,
24,17,,
24,18,,
24,19,,
24,20,,
24,21,,
24,22,,
24,23,,
24,24,,
24,25,,
24,26,,
24,27,,
24,28,,
24,29,,
24,30,,
24,31,88.98602294921875,
24,32,92.01828002929688,
24,33,88.98634338378906,
24,34,88.84192657470703,
24,35,88.19807434082031,
24,36,84.4729995727539,
24,37,79.15409088134766,
24,38,80.06610107421875,
24,39,73.30960083007812,
24,40,69.41580963134766,
24,41,61.554405212402344,
24,42,59.464500427246094,
24,43,58.31769561767578,
24,44,51.986087799072266,
24,45,50.18180847167969,
24,46,101.61726379394531,
24,47,100.76754760742188,
24,48,99.60040283203125,
24,49,104.13787841796875,
24,50,113.89762115478516,
24,51,120.30375671386719,
24,52,119.59747314453125,
24,53,122.57645416259766,
24,54,124.43525695800781,
24,55,127.6749496459961,
24,56,127.01386260986328,
24,57,126.40379333496094,
24,58,125.70750427246094,
24,59,126.85563659667969,
24,60,125.77574157714844,
24,61,114.6124496459961,
24,62,103.39678192138672,
24,63,98.91627502441406,
24,64,98.62203979492188,
24,65,94.8877182006836,
24,66,92.87348937988281,
24,67,95.47886657714844,
24,68,94.58682250976562,
24,69,94.99024963378906,
24,70,97.21311950683594,
24,71,98.88140869140625,
24,72,103.00511169433594,
24,73,102.84391784667969,
24,74,102.63099670410156,
24,75,98.27979278564453,
24,76,98.17857360839844,
24,77,100.50193786621094,
24,78,96.30677795410156,
24,79,88.76115417480469,
24,80,78.88583374023438,
24,81,75.51441955566406,
24,82,76.91807556152344,
24,83,81.62103271484375,
24,84,77.42401885986328,
24,85,77.6534194946289,
24,86,78.64115142822266,
24,87,88.23143005371094,
24,88,94.1816635131836,
24,89,102.71499633789062,
24,90,111.23944091796875,
24,91,115.09496307373047,
24,92,117.14076232910156,
24,93,121.85541534423828,
24,94,121.32769012451172,
24,95,121.72062683105469,
24,96,124.35734558105469,
24,97,130.6191864013672,
24,98,134.73593139648438,
24,99,138.3983612060547,
24,100,127.78520965576172,
24,101,123.9561767578125,
24,102,117.20930480957031,
24,103,118.50845336914062,
24,104,118.54022979736328,
24,105,120.02931213378906,
24,106,123.91615295410156,
24,107,123.78012084960938,
24,108,124.5999755859375,
24,109,125.87583923339844,
24,110,124.33834075927734,
24,111,118.20648193359375,
24,112,114.41401672363281,
24,113,113.58418273925781,
24,114,118.68547058105469,
24,115,121.89215850830078,
24,116,118.38642883300781,
24,117,104.94178771972656,
24,118,108.17249298095703,
24,119,109.71946716308594,
24,120,103.34640502929688,
24,121,105.10958862304688,
24,122,99.60052490234375,
24,123,91.74813842773438,
24,124,94.84257507324219,
24,125,95.91644287109375,
24,126,98.95342254638672,
24,127,104.7242431640625,
24,128,106.138671875,
24,129,106.1624755859375,
24,130,100.44895935058594,
24,131,99.10713195800781,
24,132,96.97152709960938,
24,133,89.22422790527344,
24,134,90.86181640625,
24,135,93.280029296875,
24,136,85.15339660644531,
24,137,83.677734375,
24,138,70.71317291259766,
24,139,75.11895751953125,
24,140,75.58940887451172,
24,141,128.38307189941406,
24,142,128.4057159423828,
24,143,128.5808563232422,
24,144,128.80287170410156,
24,145,127.71705627441406,
24,146,127.52729034423828,
24,147,127.58192443847656,
24,148,125.35675048828125,
24,149,127.3519287109375,
24,150,122.21142578125,
24,151,124.18418884277344,
24,152,109.45524597167969,
24,153,112.56230163574219,
24,154,107.44581604003906,
24,155,108.98472595214844,
24,156,104.82698059082031,
24,157,101.28923034667969,
24,158,100.55743408203125,
24,159,101.18338775634766,
24,160,103.95085144042969,
24,161,109.22731018066406,
24,162,102.800537109375,
24,163,107.66677856445312,
24,164,112.07810974121094,
24,165,114.92938232421875,
24,166,116.60858917236328,
24,167,115.73793029785156,
24,168,117.73550415039062,
24,169,115.37577819824219,
24,170,110.10429382324219,
24,171,107.44644165039062,
24,172,107.40966033935547,
24,173,107.60262298583984,
24,174,105.78900146484375,
24,175,100.447998046875,
24,176,98.68948364257812,
24,177,98.65461730957031,
24,178,95.7608642578125,
24,179,94.605712890625,
24,180,94.38076782226562,
24,181,100.48649597167969,
24,182,95.89363861083984,
24,183,93.06416320800781,
24,184,85.83749389648438,
24,185,85.5579833984375,
24,186,86.7316665649414,20.0
25,1,,
25,2,,
25,3,,
25,4,,
25,5,,
25,6,,
25,7,,
25,8,,
25,9,,
25,10,,
25,11,,
25,12,,
25,13,,
25,14,,
25,15,,
25,16,,
25,17,,
25,18,,
25,19,,
25,20,,
25,21,,
25,22,,
25,23,,
25,24,,
25,25,,
25,26,,
25,27,,
25,28,,
25,29,,
25,30,,
25,31,119.3695068359375,
25,32,120.33343505859375,
25,33,120.83367919921875,
25,34,120.66500854492188,
25,35,118.72919464111328,
25,36,117.0514907836914,
25,37,114.89889526367188,
25,38,112.24552154541016,
25,39,110.27942657470703,
25,40,112.03013610839844,
25,41,115.15847778320312,
25,42,113.87166595458984,
25,43,113.21098327636719,
25,44,110.46556091308594,
25,45,104.89726257324219,
25,46,106.0482177734375,
25,47,102.39334106445312,
25,48,97.54076385498047,145.0
26,1,,
26,2,,
26,3,,
26,4,,
26,5,,
26,6,,
26,7,,
26,8,,
26,9,,
26,10,,
26,11,,
26,12,,
26,13,,
26,14,,
26,15,,
26,16,,
26,17,,
26,18,,
26,19,,
26,20,,
26,21,,
26,22,,
26,23,,
26,24,,
26,25,,
26,26,,
26,27,,
26,28,,
26,29,,
26,30,,
26,31,108.26393127441406,
26,32,107.14848327636719,
26,33,97.50275421142578,
26,34,91.4529800415039,
26,35,89.5278091430664,
26,36,89.54023742675781,
26,37,89.0595703125,
26,38,91.63709259033203,
26,39,91.51698303222656,
26,40,89.31536865234375,
26,41,87.94512176513672,
26,42,88.36924743652344,
26,43,84.46076965332031,
26,44,87.62619018554688,
26,45,88.28016662597656,
26,46,92.76969146728516,
26,47,99.17451477050781,
26,48,100.68022155761719,
26,49,104.47843170166016,
26,50,111.691162109375,
26,51,116.73050689697266,
26,52,120.39765930175781,
26,53,121.74827575683594,
26,54,123.73822021484375,
26,55,124.25813293457031,
26,56,126.14787292480469,
26,57,124.96522521972656,
26,58,125.02308654785156,
26,59,125.13041687011719,
26,60,123.2408676147461,
26,61,123.34944915771484,
26,62,123.03369903564453,
26,63,123.06655883789062,
26,64,123.19602966308594,
26,65,121.31981658935547,
26,66,119.46806335449219,
26,67,117.62210845947266,
26,68,116.10279846191406,
26,69,110.38536834716797,
26,70,105.2336654663086,
26,71,102.48019409179688,
26,72,102.51041412353516,
26,73,103.08549499511719,
26,74,121.87622833251953,
26,75,118.90513610839844,
26,76,121.17109680175781,119.0
27,1,,
27,2,,
27,3,,
27,4,,
27,5,,
27,6,,
27,7,,
27,8,,
27,9,,
27,10,,
27,11,,
27,12,,
27,13,,
27,14,,
27,15,,
27,16,,
27,17,,
27,18,,
27,19,,
27,20,,
27,21,,
27,22,,
27,23,,
27,24,,
27,25,,
27,26,,
27,27,,
27,28,,
27,29,,
27,30,,
27,31,100.67366790771484,
27,32,100.21147155761719,
27,33,101.24613189697266,
27,34,99.45476531982422,
27,35,100.18511962890625,
27,36,94.41825866699219,
27,37,90.10295104980469,
27,38,85.19636535644531,
27,39,80.57048034667969,
27,40,75.84870910644531,
27,41,78.6987533569336,
27,42,76.96248626708984,
27,43,77.98171997070312,
27,44,78.55093383789062,
27,45,78.06680297851562,
27,46,78.27935028076172,
27,47,70.78402709960938,
27,48,68.48065185546875,
27,49,63.8570556640625,
27,50,70.21147155761719,
27,51,70.74749755859375,
27,52,72.94507598876953,
27,53,77.84441375732422,
27,54,84.74287414550781,
27,55,88.699951171875,
27,56,94.45252990722656,
27,57,99.8049545288086,
27,58,103.41169738769531,
27,59,106.72328186035156,
27,60,107.78423309326172,
27,61,109.38331604003906,
27,62,104.83720397949219,
27,63,99.6271743774414,
27,64,95.57412719726562,
27,65,90.5146484375,
27,66,81.06144714355469,
27,67,77.53799438476562,
27,68,61.418643951416016,
27,69,55.31940841674805,
27,70,51.93473434448242,
27,71,52.97714614868164,
27,72,52.53862762451172,
27,73,52.35147476196289,
27,74,52.299930572509766,
27,75,50.823726654052734,
27,76,46.476707458496094,
27,77,43.326229095458984,
27,78,41.5227165222168,
27,79,39.6966552734375,
27,80,31.24854278564453,
27,81,31.16966438293457,
27,82,28.79720687866211,
27,83,29.409652709960938,
27,84,27.99068832397461,
27,85,29.793540954589844,
27,86,30.421228408813477,
27,87,30.943695068359375,
27,88,32.809295654296875,
27,89,35.31314468383789,
27,90,34.13417434692383,
27,91,32.52241897583008,
27,92,31.818561553955078,
27,93,26.407562255859375,
27,94,27.53273582458496,
27,95,28.090652465820312,
27,96,27.4641170501709,
27,97,24.631101608276367,
27,98,21.822999954223633,
27,99,17.69278335571289,
27,100,16.698949813842773,
27,101,15.699519157409668,
27,102,13.825530052185059,
27,103,11.758427619934082,
27,104,10.361762046813965,
27,105,9.412674903869629,
27,106,7.929838180541992,
27,107,7.437734603881836,
27,108,6.9996747970581055,
27,109,7.041515350341797,
27,110,6.549241542816162,
27,111,123.03144836425781,
27,112,123.37985229492188,
27,113,123.79560852050781,
27,114,124.12339782714844,
27,115,123.6922607421875,
27,116,124.15533447265625,
27,117,124.97428894042969,
27,118,125.6812744140625,
27,119,127.30073547363281,
27,120,128.22340393066406,
27,121,126.96487426757812,
27,122,127.66390228271484,
27,123,125.97869873046875,
27,124,125.26057434082031,
27,125,125.09432983398438,
27,126,124.88763427734375,
27,127,125.36019897460938,
27,128,126.25201416015625,
27,129,126.31204223632812,
27,130,126.39673614501953,
27,131,124.52033996582031,
27,132,124.25439453125,
27,133,124.68323516845703,
27,134,123.97108459472656,
27,135,123.24493408203125,
27,136,124.28726196289062,
27,137,124.03433227539062,
27,138,123.79811096191406,
27,139,124.4453353881836,
27,140,124.65281677246094,66.0
28,1,,
28,2,,
28,3,,
28,4,,
28,5,,
28,6,,
28,7,,
28,8,,
28,9,,
28,10,,
28,11,,
28,12,,
28,13,,
28,14,,
28,15,,
28,16,,
28,17,,
28,18,,
28,19,,
28,20,,
28,21,,
28,22,,
28,23,,
28,24,,
28,25,,
28,26,,
28,27,,
28,28,,
28,29,,
28,30,,
28,31,112.22611999511719,
28,32,115.33610534667969,
28,33,115.41525268554688,
28,34,118.22186279296875,
28,35,119.0885009765625,
28,36,114.64613342285156,
28,37,114.64242553710938,
28,38,107.10436248779297,
28,39,100.38079071044922,
28,40,97.30628967285156,
28,41,103.87376403808594,
28,42,102.35218811035156,
28,43,100.995849609375,
28,44,95.53318786621094,
28,45,96.737060546875,
28,46,76.3720932006836,
28,47,65.55105590820312,
28,48,59.912132263183594,
28,49,58.4613151550293,
28,50,56.80514907836914,
28,51,46.90288162231445,
28,52,39.322837829589844,
28,53,38.736507415771484,
28,54,39.92403793334961,
28,55,42.02579879760742,
28,56,40.922672271728516,
28,57,41.98857498168945,
28,58,40.53911209106445,
28,59,41.83107376098633,
28,60,43.93154525756836,
28,61,45.89296340942383,
28,62,45.42576217651367,
28,63,47.49462127685547,
28,64,48.357269287109375,
28,65,47.48964309692383,
28,66,47.132503509521484,
28,67,50.543514251708984,
28,68,48.76084518432617,
28,69,45.58829879760742,
28,70,42.125518798828125,
28,71,42.50682830810547,
28,72,39.070823669433594,
28,73,38.12807846069336,
28,74,35.27877426147461,
28,75,33.48759841918945,
28,76,30.652301788330078,
28,77,29.426509857177734,
28,78,25.56108856201172,
28,79,25.431549072265625,
28,80,24.691783905029297,
28,81,24.547609329223633,
28,82,24.8936767578125,
28,83,23.65236473083496,
28,84,20.33808135986328,
28,85,17.158227920532227,
28,86,17.069332122802734,
28,87,114.25580596923828,
28,88,115.14344787597656,
28,89,117.52626037597656,
28,90,120.09418487548828,
28,91,121.45310974121094,
28,92,122.03105926513672,
28,93,122.76688385009766,
28,94,122.71954345703125,
28,95,124.66010284423828,
28,96,124.40575408935547,
28,97,124.44033813476562,
28,98,124.3603515625,
28,99,124.74501037597656,
28,100,125.23994445800781,
28,101,125.87376403808594,
28,102,127.02022552490234,
28,103,127.82782745361328,
28,104,126.86636352539062,
28,105,127.49784851074219,
28,106,126.14119720458984,
28,107,127.29711151123047,
28,108,126.56913757324219,
28,109,127.10610961914062,
28,110,127.27278900146484,
28,111,126.95291137695312,
28,112,127.40424346923828,
28,113,127.11429595947266,
28,114,126.77719116210938,
28,115,126.17825317382812,
28,116,126.21315002441406,
28,117,124.5289535522461,
28,118,123.13713836669922,
28,119,120.4808120727539,
28,120,118.61470031738281,
28,121,117.27473449707031,
28,122,116.33393859863281,
28,123,120.2273178100586,
28,124,120.13513946533203,
28,125,118.85269165039062,
28,126,118.45512390136719,
28,127,113.85675811767578,
28,128,113.73753356933594,
28,129,112.0694808959961,
28,130,109.7190170288086,
28,131,108.6932144165039,
28,132,109.2850112915039,
28,133,105.87617492675781,
28,134,101.32408142089844,
28,135,99.03276062011719,
28,136,97.70466613769531,
28,137,92.63859558105469,
28,138,90.87287139892578,
28,139,88.61312103271484,
28,140,87.21998596191406,
28,141,83.37769317626953,
28,142,81.19313049316406,
28,143,80.46757507324219,
28,144,80.780029296875,
28,145,78.70288848876953,
28,146,76.40098571777344,
28,147,73.37493896484375,
28,148,71.27371215820312,
28,149,73.74885559082031,
28,150,68.94403076171875,
28,151,73.44868469238281,
28,152,71.3272476196289,
28,153,72.93196105957031,
28,154,79.02212524414062,
28,155,81.71662902832031,
28,156,84.91339874267578,
28,157,83.30746459960938,
28,158,85.84408569335938,97.0
29,1,,
29,2,,
29,3,,
29,4,,
29,5,,
29,6,,
29,7,,
29,8,,
29,9,,
29,10,,
29,11,,
29,12,,
29,13,,
29,14,,
29,15,,
29,16,,
29,17,,
29,18,,
29,19,,
29,20,,
29,21,,
29,22,,
29,23,,
29,24,,
29,25,,
29,26,,
29,27,,
29,28,,
29,29,,
29,30,,
29,31,123.2817611694336,
29,32,120.31129455566406,
29,33,115.42387390136719,
29,34,110.78327941894531,
29,35,104.5621337890625,
29,36,98.37105560302734,
29,37,93.62950897216797,
29,38,91.1389389038086,
29,39,86.64013671875,
29,40,81.06510925292969,
29,41,79.05438232421875,
29,42,75.74237060546875,
29,43,78.4427490234375,
29,44,81.71500396728516,
29,45,87.66546630859375,
29,46,97.76851654052734,
29,47,106.96665954589844,
29,48,110.60227966308594,
29,49,115.42046356201172,
29,50,117.1702651977539,
29,51,118.65693664550781,
29,52,118.24597930908203,
29,53,117.26229858398438,
29,54,114.98268127441406,
29,55,110.77522277832031,
29,56,107.83079528808594,
29,57,104.39999389648438,
29,58,99.48579406738281,
29,59,98.58229064941406,
29,60,90.12938690185547,
29,61,86.20356750488281,
29,62,80.00373077392578,
29,63,71.51185607910156,
29,64,66.15808868408203,
29,65,64.1434555053711,
29,66,61.22293472290039,
29,67,58.957183837890625,
29,68,58.70811462402344,
29,69,56.33841323852539,
29,70,55.001380920410156,
29,71,60.10477828979492,
29,72,60.804527282714844,
29,73,66.96361541748047,
29,74,78.21794128417969,
29,75,84.93798828125,
29,76,92.79005432128906,
29,77,96.0870590209961,
29,78,97.50384521484375,
29,79,95.82586669921875,
29,80,90.75646209716797,
29,81,93.82744598388672,
29,82,96.03022766113281,
29,83,94.2425765991211,
29,84,88.43888092041016,
29,85,88.3855972290039,
29,86,84.9101791381836,
29,87,83.89702606201172,
29,88,76.24359893798828,
29,89,74.75216674804688,
29,90,69.6969223022461,
29,91,61.63322448730469,
29,92,57.40788269042969,
29,93,52.398983001708984,
29,94,49.626888275146484,
29,95,46.82047653198242,
29,96,42.14492416381836,
29,97,37.74607467651367,
29,98,27.76094627380371,
29,99,26.20125961303711,
29,100,23.742124557495117,
29,101,22.398845672607422,
29,102,18.87818145751953,
29,103,16.66986083984375,
29,104,15.007052421569824,
29,105,12.81469440460205,
29,106,11.435517311096191,
29,107,10.586517333984375,
29,108,9.763649940490723,
29,109,9.04024600982666,
29,110,96.18675231933594,
29,111,105.22773742675781,
29,112,113.41041564941406,
29,113,118.37557983398438,
29,114,120.97803497314453,
29,115,124.00890350341797,
29,116,124.48666381835938,
29,117,126.00518035888672,
29,118,126.36302947998047,
29,119,127.27891540527344,
29,120,127.51224517822266,
29,121,124.64119720458984,
29,122,123.75779724121094,
29,123,123.18556213378906,
29,124,124.03864288330078,
29,125,123.10018920898438,
29,126,126.127197265625,
29,127,125.39463806152344,
29,128,125.23199462890625,
29,129,127.75265502929688,
29,130,127.07701110839844,
29,131,125.54875183105469,
29,132,126.93450164794922,
29,133,125.41482543945312,
29,134,123.89696502685547,
29,135,121.58148956298828,
29,136,120.21524047851562,
29,137,115.994140625,
29,138,110.53120422363281,
29,139,106.5732192993164,
29,140,101.00830078125,
29,141,100.18455505371094,
29,142,98.4619140625,
29,143,95.83113861083984,
29,144,94.41394805908203,
29,145,92.23350524902344,
29,146,90.4842529296875,
29,147,91.69224548339844,
29,148,94.61007690429688,
29,149,103.04736328125,
29,150,106.29719543457031,
29,151,111.05426025390625,
29,152,115.29800415039062,
29,153,118.87956237792969,
29,154,117.70639038085938,
29,155,117.15580749511719,
29,156,121.0896987915039,
29,157,122.9010009765625,
29,158,124.65444946289062,
29,159,125.4571533203125,
29,160,125.08673858642578,
29,161,124.4521713256836,
29,162,124.87281799316406,
29,163,125.77521514892578,
29,164,123.31764221191406,
29,165,122.57331085205078,
29,166,121.14851379394531,
29,167,119.49883270263672,
29,168,119.80718231201172,
29,169,118.48477172851562,
29,170,116.93595886230469,
29,171,118.13131713867188,90.0
30,1,,
30,2,,
30,3,,
30,4,,
30,5,,
30,6,,
30,7,,
30,8,,
30,9,,
30,10,,
30,11,,
30,12,,
30,13,,
30,14,,
30,15,,
30,16,,
30,17,,
30,18,,
30,19,,
30,20,,
30,21,,
30,22,,
30,23,,
30,24,,
30,25,,
30,26,,
30,27,,
30,28,,
30,29,,
30,30,,
30,31,115.65126037597656,
30,32,111.83073425292969,
30,33,109.566650390625,
30,34,117.19996643066406,
30,35,117.43267059326172,
30,36,118.42424011230469,
30,37,118.15052795410156,
30,38,121.00157928466797,
30,39,123.73053741455078,
30,40,120.5128402709961,
30,41,116.84741973876953,
30,42,118.97347259521484,
30,43,121.52195739746094,
30,44,124.64698028564453,
30,45,129.0364532470703,
30,46,129.68055725097656,
30,47,129.09442138671875,
30,48,125.94561767578125,
30,49,129.05140686035156,
30,50,129.25880432128906,
30,51,130.9770965576172,
30,52,134.39785766601562,
30,53,134.63978576660156,
30,54,135.8516845703125,
30,55,135.37013244628906,
30,56,137.3555450439453,
30,57,133.5521697998047,
30,58,124.93251037597656,
30,59,124.41319274902344,
30,60,122.94853973388672,
30,61,119.68037414550781,
30,62,117.58930969238281,
30,63,117.1082763671875,
30,64,117.37698364257812,
30,65,117.02230072021484,
30,66,108.8313980102539,
30,67,113.07823181152344,
30,68,113.19900512695312,
30,69,109.45453643798828,
30,70,112.16817474365234,
30,71,106.29843139648438,
30,72,100.30320739746094,
30,73,107.02051544189453,
30,74,109.01591491699219,
30,75,105.07856750488281,
30,76,106.53174591064453,
30,77,108.16007232666016,
30,78,108.66476440429688,
30,79,111.54859924316406,
30,80,109.35828399658203,
30,81,106.57865905761719,
30,82,111.36940002441406,
30,83,114.868408203125,
30,84,114.40693664550781,
30,85,113.67033386230469,
30,86,111.40979766845703,
30,87,115.60499572753906,
30,88,117.10923767089844,
30,89,116.1837158203125,
30,90,117.86367797851562,
30,91,115.27938842773438,
30,92,113.2567367553711,
30,93,104.50577545166016,
30,94,97.60235595703125,
30,95,94.20338439941406,
30,96,98.54583740234375,
30,97,97.7755355834961,
30,98,97.57182312011719,
30,99,92.96272277832031,
30,100,94.38713073730469,
30,101,89.64168548583984,
30,102,74.92543029785156,
30,103,67.08972930908203,
30,104,66.11465454101562,
30,105,69.91669464111328,
30,106,70.58334350585938,
30,107,69.69987487792969,
30,108,72.03024291992188,
30,109,67.9390869140625,
30,110,74.3524169921875,
30,111,78.83255767822266,
30,112,84.66471099853516,
30,113,85.99723052978516,
30,114,89.6534194946289,
30,115,88.63705444335938,
30,116,78.86503601074219,
30,117,82.16915130615234,
30,118,74.64794921875,
30,119,77.44048309326172,
30,120,66.49885559082031,
30,121,62.91298294067383,
30,122,57.39399337768555,
30,123,58.62548828125,
30,124,57.53715133666992,
30,125,56.3574104309082,
30,126,58.067134857177734,
30,127,60.941646575927734,
30,128,64.708251953125,
30,129,61.924644470214844,
30,130,61.25471878051758,
30,131,60.99842071533203,
30,132,56.94643020629883,
30,133,54.55183410644531,
30,134,38.44784927368164,
30,135,33.33952713012695,
30,136,32.87984085083008,
30,137,33.84694290161133,
30,138,34.09246063232422,
30,139,35.813072204589844,
30,140,36.6821403503418,
30,141,36.03748321533203,
30,142,34.33406066894531,
30,143,34.753902435302734,115.0
31,1,,
31,2,,
31,3,,
31,4,,
31,5,,
31,6,,
31,7,,
31,8,,
31,9,,
31,10,,
31,11,,
31,12,,
31,13,,
31,14,,
31,15,,
31,16,,
31,17,,
31,18,,
31,19,,
31,20,,
31,21,,
31,22,,
31,23,,
31,24,,
31,25,,
31,26,,
31,27,,
31,28,,
31,29,,
31,30,,
31,31,125.56646728515625,
31,32,125.78471374511719,
31,33,125.0245590209961,
31,34,124.48340606689453,
31,35,124.06063842773438,
31,36,123.93087768554688,
31,37,125.11634826660156,
31,38,125.50837707519531,
31,39,125.34722137451172,
31,40,126.98741149902344,
31,41,126.18981170654297,
31,42,125.87387084960938,
31,43,125.35643005371094,
31,44,124.76970672607422,
31,45,125.56513977050781,
31,46,126.28904724121094,
31,47,125.85018157958984,
31,48,126.22248840332031,
31,49,125.3395767211914,
31,50,125.8824691772461,
31,51,125.4397964477539,
31,52,125.36670684814453,
31,53,125.37582397460938,
31,54,125.29935455322266,
31,55,125.39836883544922,
31,56,124.92884826660156,
31,57,123.17740631103516,
31,58,122.13626861572266,
31,59,122.06403350830078,
31,60,123.04409790039062,
31,61,123.16561126708984,
31,62,123.7449951171875,
31,63,123.12257385253906,
31,64,123.2538833618164,
31,65,124.62226104736328,
31,66,124.1054458618164,
31,67,124.07969665527344,
31,68,124.1313705444336,
31,69,123.87324523925781,
31,70,123.87788391113281,
31,71,124.27561950683594,
31,72,124.6490249633789,
31,73,125.08033752441406,
31,74,126.1728286743164,
31,75,127.21251678466797,
31,76,126.32673645019531,
31,77,125.34016418457031,
31,78,125.34552001953125,
31,79,125.39247131347656,
31,80,124.63278198242188,
31,81,124.96029663085938,
31,82,124.43812561035156,
31,83,123.27079010009766,
31,84,123.34276580810547,
31,85,123.36112213134766,
31,86,123.24380493164062,
31,87,123.80056762695312,
31,88,123.1395263671875,
31,89,123.47422790527344,
31,90,122.63365173339844,
31,91,122.77105712890625,
31,92,124.19775390625,
31,93,124.3487548828125,
31,94,123.3228759765625,
31,95,121.77361297607422,
31,96,119.30856323242188,
31,97,117.4207763671875,
31,98,117.99982452392578,
31,99,117.97091674804688,
31,100,118.8101577758789,
31,101,119.54067993164062,
31,102,120.31806182861328,
31,103,121.38375854492188,
31,104,122.44252014160156,
31,105,123.31271362304688,
31,106,124.23737335205078,
31,107,124.55170440673828,
31,108,124.82115173339844,
31,109,123.04729461669922,
31,110,122.75306701660156,
31,111,121.27758026123047,
31,112,118.97136688232422,
31,113,116.16035461425781,
31,114,113.4488525390625,
31,115,108.59477233886719,
31,116,102.40504455566406,
31,117,98.77963256835938,
31,118,91.79830932617188,
31,119,87.36297607421875,
31,120,84.58930969238281,
31,121,81.88502502441406,
31,122,84.68172454833984,
31,123,84.57513427734375,
31,124,84.26226043701172,
31,125,83.50090026855469,
31,126,81.05020141601562,
31,127,79.83837890625,
31,128,72.2025375366211,
31,129,70.0467758178711,
31,130,69.2706527709961,
31,131,72.40950012207031,
31,132,75.90705871582031,
31,133,77.69772338867188,
31,134,80.57823944091797,
31,135,81.05976867675781,
31,136,82.25920104980469,
31,137,79.90144348144531,
31,138,80.63587951660156,
31,139,79.8852310180664,
31,140,81.20942687988281,
31,141,81.54473876953125,
31,142,80.16871643066406,
31,143,77.06340026855469,
31,144,75.58966064453125,
31,145,70.71892547607422,
31,146,65.54525756835938,
31,147,63.05487060546875,
31,148,60.9018669128418,
31,149,58.37958908081055,
31,150,55.318851470947266,
31,151,53.82667541503906,
31,152,52.943729400634766,
31,153,52.346004486083984,
31,154,51.624446868896484,
31,155,49.869205474853516,
31,156,46.2658576965332,
31,157,41.992530822753906,
31,158,38.07440948486328,
31,159,35.240875244140625,
31,160,34.5666618347168,
31,161,34.22273635864258,
31,162,32.833290100097656,
31,163,127.2469253540039,
31,164,126.78840637207031,
31,165,126.47382354736328,
31,166,126.23065185546875,
31,167,126.4916000366211,
31,168,126.94343566894531,
31,169,126.60470581054688,
31,170,125.70700073242188,
31,171,126.04399108886719,
31,172,126.89610290527344,
31,173,127.5784912109375,
31,174,126.47748565673828,
31,175,126.18902587890625,
31,176,124.82505798339844,
31,177,121.8163070678711,
31,178,118.66936492919922,
31,179,117.95939636230469,
31,180,116.60507202148438,
31,181,114.12055969238281,
31,182,107.5389175415039,
31,183,105.46055603027344,
31,184,102.82720184326172,
31,185,100.41868591308594,
31,186,98.04177856445312,
31,187,96.099853515625,
31,188,97.17074584960938,
31,189,93.99504852294922,
31,190,92.32628631591797,
31,191,85.98289489746094,
31,192,83.7542495727539,
31,193,88.3425521850586,
31,194,91.12989807128906,
31,195,97.22354125976562,
31,196,105.16900634765625,8.0
32,1,,
32,2,,
32,3,,
32,4,,
32,5,,
32,6,,
32,7,,
32,8,,
32,9,,
32,10,,
32,11,,
32,12,,
32,13,,
32,14,,
32,15,,
32,16,,
32,17,,
32,18,,
32,19,,
32,20,,
32,21,,
32,22,,
32,23,,
32,24,,
32,25,,
32,26,,
32,27,,
32,28,,
32,29,,
32,30,,
32,31,87.21998596191406,
32,32,83.37769317626953,
32,33,81.19313049316406,
32,34,80.46757507324219,
32,35,80.780029296875,
32,36,78.70288848876953,
32,37,76.40098571777344,
32,38,73.37493896484375,
32,39,71.27371215820312,
32,40,73.74885559082031,
32,41,68.94403076171875,
32,42,73.44868469238281,
32,43,71.3272476196289,
32,44,72.93196105957031,
32,45,79.02212524414062,
32,46,81.71662902832031,
32,47,84.91339874267578,
32,48,83.30746459960938,
32,49,85.84408569335938,
32,50,84.74642944335938,
32,51,88.01091003417969,
32,52,89.73724365234375,
32,53,89.81942749023438,
32,54,88.98602294921875,
32,55,92.01828002929688,
32,56,88.98634338378906,
32,57,88.84192657470703,
32,58,88.19807434082031,
32,59,84.4729995727539,
32,60,79.15409088134766,
32,61,80.06610107421875,
32,62,73.30960083007812,
32,63,69.41580963134766,
32,64,61.554405212402344,
32,65,59.464500427246094,
32,66,58.31769561767578,
32,67,51.986087799072266,
32,68,50.18180847167969,
32,69,101.61726379394531,
32,70,100.76754760742188,
32,71,99.60040283203125,
32,72,104.13787841796875,
32,73,113.89762115478516,
32,74,120.30375671386719,
32,75,119.59747314453125,
32,76,122.57645416259766,
32,77,124.43525695800781,
32,78,127.6749496459961,
32,79,127.01386260986328,
32,80,126.40379333496094,
32,81,125.70750427246094,
32,82,126.85563659667969,
32,83,125.77574157714844,
32,84,114.6124496459961,
32,85,103.39678192138672,
32,86,98.91627502441406,
32,87,98.62203979492188,
32,88,94.8877182006836,
32,89,92.87348937988281,
32,90,95.47886657714844,
32,91,94.58682250976562,
32,92,94.99024963378906,
32,93,97.21311950683594,
32,94,98.88140869140625,
32,95,103.00511169433594,
32,96,102.84391784667969,
32,97,102.63099670410156,
32,98,98.27979278564453,
32,99,98.17857360839844,
32,100,100.50193786621094,
32,101,96.30677795410156,
32,102,88.76115417480469,
32,103,78.88583374023438,
32,104,75.51441955566406,
32,105,76.91807556152344,
32,106,81.62103271484375,
32,107,77.42401885986328,
32,108,77.6534194946289,
32,109,78.64115142822266,
32,110,88.23143005371094,
32,111,94.1816635131836,
32,112,102.71499633789062,
32,113,111.23944091796875,
32,114,115.09496307373047,
32,115,117.14076232910156,
32,116,121.85541534423828,
32,117,121.32769012451172,
32,118,121.72062683105469,
32,119,124.35734558105469,
32,120,130.6191864013672,
32,121,134.73593139648438,
32,122,138.3983612060547,
32,123,127.78520965576172,
32,124,123.9561767578125,
32,125,117.20930480957031,
32,126,118.50845336914062,
32,127,118.54022979736328,
32,128,120.02931213378906,
32,129,123.91615295410156,
32,130,123.78012084960938,
32,131,124.5999755859375,
32,132,125.87583923339844,
32,133,124.33834075927734,
32,134,118.20648193359375,
32,135,114.41401672363281,
32,136,113.58418273925781,
32,137,118.68547058105469,
32,138,121.89215850830078,
32,139,118.38642883300781,
32,140,104.94178771972656,
32,141,108.17249298095703,
32,142,109.71946716308594,
32,143,103.34640502929688,
32,144,105.10958862304688,
32,145,99.60052490234375,48.0
33,1,,
33,2,,
33,3,,
33,4,,
33,5,,
33,6,,
33,7,,
33,8,,
33,9,,
33,10,,
33,11,,
33,12,,
33,13,,
33,14,,
33,15,,
33,16,,
33,17,,
33,18,,
33,19,,
33,20,,
33,21,,
33,22,,
33,23,,
33,24,,
33,25,,
33,26,,
33,27,,
33,28,,
33,29,,
33,30,,
33,31,123.61932373046875,
33,32,123.50177764892578,
33,33,123.5207748413086,
33,34,123.9351577758789,
33,35,124.23237609863281,
33,36,122.65963745117188,
33,37,123.01390075683594,
33,38,124.28455352783203,
33,39,124.54025268554688,
33,40,124.61811828613281,
33,41,124.67613220214844,
33,42,124.01388549804688,
33,43,122.71542358398438,
33,44,123.02918243408203,
33,45,122.91830444335938,
33,46,123.01879119873047,
33,47,123.88407897949219,
33,48,123.61221313476562,
33,49,123.1412582397461,
33,50,122.79104614257812,106.0
34,1,,
34,2,,
34,3,,
34,4,,
34,5,,
34,6,,
34,7,,
34,8,,
34,9,,
34,10,,
34,11,,
34,12,,
34,13,,
34,14,,
34,15,,
34,16,,
34,17,,
34,18,,
34,19,,
34,20,,
34,21,,
34,22,,
34,23,,
34,24,,
34,25,,
34,26,,
34,27,,
34,28,,
34,29,,
34,30,,
34,31,116.85098266601562,
34,32,117.16101837158203,
34,33,119.31117248535156,
34,34,121.46263122558594,
34,35,122.24754333496094,
34,36,124.27848815917969,
34,37,122.15599060058594,
34,38,122.18277740478516,
34,39,119.8857192993164,
34,40,117.35353088378906,
34,41,114.92699432373047,
34,42,113.63899230957031,
34,43,112.46536254882812,
34,44,110.70115661621094,
34,45,111.7372055053711,
34,46,110.63148498535156,
34,47,109.11278533935547,
34,48,105.58991241455078,
34,49,83.98023223876953,
34,50,85.4473876953125,
34,51,81.13276672363281,
34,52,84.81201171875,
34,53,87.97433471679688,
34,54,86.7224349975586,
34,55,89.41923522949219,
34,56,94.85872650146484,
34,57,96.67615509033203,
34,58,97.250244140625,
34,59,105.99471282958984,
34,60,102.853515625,
34,61,103.66120910644531,
34,62,100.34505462646484,
34,63,102.91056823730469,
34,64,107.84553527832031,
34,65,110.60215759277344,
34,66,109.78495788574219,
34,67,111.03689575195312,
34,68,109.74596405029297,
34,69,107.06892395019531,
34,70,106.50694274902344,
34,71,108.51182556152344,
34,72,110.25129699707031,
34,73,112.93060302734375,
34,74,114.2663345336914,
34,75,116.66201782226562,
34,76,116.58348083496094,
34,77,116.74833679199219,
34,78,117.46476745605469,
34,79,120.6025390625,
34,80,118.69512939453125,
34,81,111.29901123046875,
34,82,109.37796020507812,
34,83,107.64370727539062,
34,84,105.45222473144531,
34,85,97.75846862792969,
34,86,93.97561645507812,
34,87,88.65977478027344,
34,88,85.95623779296875,
34,89,84.0015640258789,
34,90,84.57131958007812,
34,91,84.6780776977539,
34,92,87.46724700927734,
34,93,98.59041595458984,
34,94,96.68289184570312,
34,95,97.54338073730469,
34,96,94.23502349853516,
34,97,69.19674682617188,
34,98,80.59423828125,
34,99,87.6199722290039,
34,100,87.11106872558594,
34,101,86.38697814941406,
34,102,82.32928466796875,
34,103,84.1993637084961,
34,104,84.81314849853516,
34,105,78.75668334960938,
34,106,75.73973083496094,
34,107,70.18449401855469,
34,108,65.26564025878906,
34,109,61.771339416503906,
34,110,57.2172966003418,
34,111,57.521766662597656,
34,112,57.1912841796875,
34,113,60.179439544677734,
34,114,59.34822463989258,
34,115,63.222511291503906,
34,116,71.0882568359375,
34,117,70.2533950805664,
34,118,71.51172637939453,
34,119,71.34679412841797,
34,120,71.65337371826172,
34,121,67.22090148925781,
34,122,64.83602905273438,
34,123,59.05439758300781,
34,124,125.3372802734375,
34,125,124.77266693115234,
34,126,124.45118713378906,
34,127,125.4813003540039,
34,128,126.05781555175781,
34,129,125.1834487915039,
34,130,124.71621704101562,
34,131,124.294921875,
34,132,124.42373657226562,
34,133,124.94178009033203,
34,134,124.78178405761719,
34,135,124.95759582519531,
34,136,124.85586547851562,
34,137,124.6729736328125,
34,138,124.80594635009766,
34,139,123.60592651367188,
34,140,123.66683959960938,
34,141,123.43360900878906,
34,142,124.25460815429688,
34,143,123.33309936523438,
34,144,122.8875961303711,
34,145,122.63481140136719,
34,146,121.49603271484375,
34,147,122.49223327636719,
34,148,123.09037780761719,
34,149,123.98521423339844,
34,150,124.61843872070312,
34,151,125.76240539550781,
34,152,122.93763732910156,
34,153,122.90739440917969,
34,154,122.14886474609375,
34,155,123.47029113769531,
34,156,122.37535858154297,
34,157,121.30083465576172,
34,158,120.8768310546875,
34,159,121.27302551269531,
34,160,121.03146362304688,
34,161,122.2412338256836,
34,162,122.21749877929688,
34,163,122.97811889648438,
34,164,121.62838745117188,
34,165,122.0110855102539,
34,166,122.38710021972656,
34,167,124.32554626464844,
34,168,124.13401794433594,
34,169,125.38445281982422,
34,170,125.68630981445312,
34,171,125.7168197631836,
34,172,125.52594757080078,
34,173,124.87797546386719,
34,174,123.2245101928711,
34,175,123.29782104492188,
34,176,125.96641540527344,
34,177,124.71332550048828,
34,178,123.67552947998047,
34,179,124.43572235107422,
34,180,125.16112518310547,
34,181,124.6104736328125,
34,182,123.881591796875,
34,183,124.04107666015625,
34,184,121.2568359375,
34,185,115.44743347167969,
34,186,109.84359741210938,
34,187,105.1961669921875,
34,188,69.4098129272461,
34,189,74.84903717041016,
34,190,76.37930297851562,
34,191,77.37832641601562,
34,192,87.38914489746094,
34,193,108.63340759277344,
34,194,113.99057006835938,
34,195,122.24488830566406,
34,196,124.7135009765625,
34,197,127.03795623779297,
34,198,128.29824829101562,
34,199,124.94742584228516,
34,200,124.716552734375,
34,201,122.18168640136719,
34,202,117.0784912109375,
34,203,114.73263549804688,7.0
35,1,,
35,2,,
35,3,,
35,4,,
35,5,,
35,6,,
35,7,,
35,8,,
35,9,,
35,10,,
35,11,,
35,12,,
35,13,,
35,14,,
35,15,,
35,16,,
35,17,,
35,18,,
35,19,,
35,20,,
35,21,,
35,22,,
35,23,,
35,24,,
35,25,,
35,26,,
35,27,,
35,28,,
35,29,,
35,30,,
35,31,121.46263122558594,
35,32,122.24754333496094,
35,33,124.27848815917969,
35,34,122.15599060058594,
35,35,122.18277740478516,
35,36,119.8857192993164,
35,37,117.35353088378906,
35,38,114.92699432373047,
35,39,113.63899230957031,
35,40,112.46536254882812,
35,41,110.70115661621094,
35,42,111.7372055053711,
35,43,110.63148498535156,
35,44,109.11278533935547,
35,45,105.58991241455078,
35,46,83.98023223876953,
35,47,85.4473876953125,
35,48,81.13276672363281,
35,49,84.81201171875,
35,50,87.97433471679688,
35,51,86.7224349975586,
35,52,89.41923522949219,
35,53,94.85872650146484,
35,54,96.67615509033203,
35,55,97.250244140625,
35,56,105.99471282958984,
35,57,102.853515625,
35,58,103.66120910644531,
35,59,100.34505462646484,
35,60,102.91056823730469,
35,61,107.84553527832031,
35,62,110.60215759277344,
35,63,109.78495788574219,
35,64,111.03689575195312,
35,65,109.74596405029297,
35,66,107.06892395019531,
35,67,106.50694274902344,
35,68,108.51182556152344,
35,69,110.25129699707031,
35,70,112.93060302734375,
35,71,114.2663345336914,
35,72,116.66201782226562,
35,73,116.58348083496094,
35,74,116.74833679199219,
35,75,117.46476745605469,
35,76,120.6025390625,
35,77,118.69512939453125,
35,78,111.29901123046875,
35,79,109.37796020507812,
35,80,107.64370727539062,
35,81,105.45222473144531,
35,82,97.75846862792969,
35,83,93.97561645507812,
35,84,88.65977478027344,
35,85,85.95623779296875,
35,86,84.0015640258789,
35,87,84.57131958007812,
35,88,84.6780776977539,
35,89,87.46724700927734,
35,90,98.59041595458984,
35,91,96.68289184570312,
35,92,97.54338073730469,
35,93,94.23502349853516,
35,94,69.19674682617188,
35,95,80.59423828125,
35,96,87.6199722290039,
35,97,87.11106872558594,
35,98,86.38697814941406,
35,99,82.32928466796875,
35,100,84.1993637084961,
35,101,84.81314849853516,
35,102,78.75668334960938,
35,103,75.73973083496094,
35,104,70.18449401855469,
35,105,65.26564025878906,
35,106,61.771339416503906,
35,107,57.2172966003418,
35,108,57.521766662597656,
35,109,57.1912841796875,
35,110,60.179439544677734,
35,111,59.34822463989258,
35,112,63.222511291503906,
35,113,71.0882568359375,
35,114,70.2533950805664,
35,115,71.51172637939453,
35,116,71.34679412841797,
35,117,71.65337371826172,
35,118,67.22090148925781,
35,119,64.83602905273438,
35,120,59.05439758300781,
35,121,125.3372802734375,
35,122,124.77266693115234,
35,123,124.45118713378906,
35,124,125.4813003540039,
35,125,126.05781555175781,
35,126,125.1834487915039,
35,127,124.71621704101562,
35,128,124.294921875,
35,129,124.42373657226562,
35,130,124.94178009033203,
35,131,124.78178405761719,
35,132,124.95759582519531,
35,133,124.85586547851562,
35,134,124.6729736328125,
35,135,124.80594635009766,
35,136,123.60592651367188,
35,137,123.66683959960938,
35,138,123.43360900878906,
35,139,124.25460815429688,
35,140,123.33309936523438,
35,141,122.8875961303711,
35,142,122.63481140136719,
35,143,121.49603271484375,
35,144,122.49223327636719,
35,145,123.09037780761719,
35,146,123.98521423339844,
35,147,124.61843872070312,
35,148,125.76240539550781,
35,149,122.93763732910156,
35,150,122.90739440917969,
35,151,122.14886474609375,
35,152,123.47029113769531,
35,153,122.37535858154297,
35,154,121.30083465576172,
35,155,120.8768310546875,
35,156,121.27302551269531,
35,157,121.03146362304688,
35,158,122.2412338256836,
35,159,122.21749877929688,
35,160,122.97811889648438,
35,161,121.62838745117188,
35,162,122.0110855102539,
35,163,122.38710021972656,
35,164,124.32554626464844,
35,165,124.13401794433594,
35,166,125.38445281982422,
35,167,125.68630981445312,
35,168,125.7168197631836,
35,169,125.52594757080078,
35,170,124.87797546386719,
35,171,123.2245101928711,
35,172,123.29782104492188,
35,173,125.96641540527344,
35,174,124.71332550048828,
35,175,123.67552947998047,
35,176,124.43572235107422,
35,177,125.16112518310547,
35,178,124.6104736328125,
35,179,123.881591796875,
35,180,124.04107666015625,
35,181,121.2568359375,
35,182,115.44743347167969,
35,183,109.84359741210938,
35,184,105.1961669921875,
35,185,69.4098129272461,
35,186,74.84903717041016,
35,187,76.37930297851562,
35,188,77.37832641601562,
35,189,87.38914489746094,
35,190,108.63340759277344,
35,191,113.99057006835938,
35,192,122.24488830566406,
35,193,124.7135009765625,
35,194,127.03795623779297,
35,195,128.29824829101562,
35,196,124.94742584228516,
35,197,124.716552734375,
35,198,122.18168640136719,11.0
36,1,,
36,2,,
36,3,,
36,4,,
36,5,,
36,6,,
36,7,,
36,8,,
36,9,,
36,10,,
36,11,,
36,12,,
36,13,,
36,14,,
36,15,,
36,16,,
36,17,,
36,18,,
36,19,,
36,20,,
36,21,,
36,22,,
36,23,,
36,24,,
36,25,,
36,26,,
36,27,,
36,28,,
36,29,,
36,30,,
36,31,89.6534194946289,
36,32,88.63705444335938,
36,33,78.86503601074219,
36,34,82.16915130615234,
36,35,74.64794921875,
36,36,77.44048309326172,
36,37,66.49885559082031,
36,38,62.91298294067383,
36,39,57.39399337768555,
36,40,58.62548828125,
36,41,57.53715133666992,
36,42,56.3574104309082,
36,43,58.067134857177734,
36,44,60.941646575927734,
36,45,64.708251953125,
36,46,61.924644470214844,
36,47,61.25471878051758,
36,48,60.99842071533203,
36,49,56.94643020629883,
36,50,54.55183410644531,
36,51,38.44784927368164,
36,52,33.33952713012695,
36,53,32.87984085083008,
36,54,33.84694290161133,
36,55,34.09246063232422,
36,56,35.813072204589844,
36,57,36.6821403503418,
36,58,36.03748321533203,
36,59,34.33406066894531,
36,60,34.753902435302734,
36,61,31.04000473022461,
36,62,28.66303062438965,
36,63,25.439743041992188,
36,64,25.80815887451172,
36,65,26.06278419494629,
36,66,25.632925033569336,
36,67,24.149110794067383,
36,68,25.57253646850586,
36,69,26.689960479736328,
36,70,24.41158676147461,
36,71,20.388668060302734,
36,72,18.784889221191406,
36,73,18.69972801208496,
36,74,19.157466888427734,
36,75,18.510940551757812,
36,76,17.074302673339844,
36,77,16.356599807739258,
36,78,14.482935905456543,
36,79,15.779452323913574,
36,80,15.194204330444336,
36,81,15.307526588439941,
36,82,15.648064613342285,
36,83,15.679850578308105,
36,84,14.672024726867676,
36,85,13.6449613571167,
36,86,11.019330978393555,
36,87,135.81272888183594,
36,88,132.1983184814453,
36,89,130.46617126464844,
36,90,124.52468872070312,
36,91,120.64491271972656,
36,92,111.11528015136719,
36,93,113.44629669189453,
36,94,114.81356048583984,
36,95,114.33883666992188,
36,96,114.21012115478516,
36,97,110.41136932373047,
36,98,112.86019134521484,
36,99,108.18966674804688,
36,100,106.67219543457031,
36,101,103.72477722167969,
36,102,105.00234985351562,
36,103,110.02706909179688,
36,104,110.24897766113281,
36,105,110.01963806152344,
36,106,99.59624481201172,
36,107,101.72798156738281,
36,108,103.55377197265625,
36,109,107.40453338623047,
36,110,98.71662902832031,
36,111,96.83706665039062,
36,112,99.71725463867188,
36,113,107.19725036621094,
36,114,111.22508239746094,
36,115,109.9622802734375,
36,116,110.22492980957031,
36,117,120.70076751708984,
36,118,120.80548095703125,
36,119,122.8570785522461,
36,120,118.56974792480469,
36,121,118.39906311035156,
36,122,122.93994140625,
36,123,122.61715698242188,
36,124,120.2926025390625,
36,125,111.143798828125,
36,126,112.49818420410156,19.0
37,1,,
37,2,,
37,3,,
37,4,,
37,5,,
37,6,,
37,7,,
37,8,,
37,9,,
37,10,,
37,11,,
37,12,,
37,13,,
37,14,,
37,15,,
37,16,,
37,17,,
37,18,,
37,19,,
37,20,,
37,21,,
37,22,,
37,23,,
37,24,,
37,25,,
37,26,,
37,27,,
37,28,,
37,29,,
37,30,,
37,31,113.01652526855469,
37,32,115.65126037597656,
37,33,111.83073425292969,
37,34,109.566650390625,
37,35,117.19996643066406,
37,36,117.43267059326172,
37,37,118.42424011230469,
37,38,118.15052795410156,
37,39,121.00157928466797,
37,40,123.73053741455078,
37,41,120.5128402709961,
37,42,116.84741973876953,
37,43,118.97347259521484,
37,44,121.52195739746094,
37,45,124.64698028564453,
37,46,129.0364532470703,
37,47,129.68055725097656,
37,48,129.09442138671875,
37,49,125.94561767578125,
37,50,129.05140686035156,
37,51,129.25880432128906,
37,52,130.9770965576172,
37,53,134.39785766601562,
37,54,134.63978576660156,
37,55,135.8516845703125,
37,56,135.37013244628906,
37,57,137.3555450439453,
37,58,133.5521697998047,
37,59,124.93251037597656,
37,60,124.41319274902344,
37,61,122.94853973388672,
37,62,119.68037414550781,
37,63,117.58930969238281,
37,64,117.1082763671875,
37,65,117.37698364257812,
37,66,117.02230072021484,
37,67,108.8313980102539,
37,68,113.07823181152344,
37,69,113.19900512695312,
37,70,109.45453643798828,
37,71,112.16817474365234,
37,72,106.29843139648438,
37,73,100.30320739746094,
37,74,107.02051544189453,
37,75,109.01591491699219,
37,76,105.07856750488281,
37,77,106.53174591064453,
37,78,108.16007232666016,
37,79,108.66476440429688,
37,80,111.54859924316406,
37,81,109.35828399658203,
37,82,106.57865905761719,
37,83,111.36940002441406,
37,84,114.868408203125,
37,85,114.40693664550781,
37,86,113.67033386230469,
37,87,111.40979766845703,
37,88,115.60499572753906,
37,89,117.10923767089844,
37,90,116.1837158203125,
37,91,117.86367797851562,
37,92,115.27938842773438,
37,93,113.2567367553711,
37,94,104.50577545166016,
37,95,97.60235595703125,
37,96,94.20338439941406,
37,97,98.54583740234375,
37,98,97.7755355834961,
37,99,97.57182312011719,
37,100,92.96272277832031,
37,101,94.38713073730469,
37,102,89.64168548583984,
37,103,74.92543029785156,
37,104,67.08972930908203,
37,105,66.11465454101562,
37,106,69.91669464111328,
37,107,70.58334350585938,
37,108,69.69987487792969,
37,109,72.03024291992188,
37,110,67.9390869140625,
37,111,74.3524169921875,
37,112,78.83255767822266,
37,113,84.66471099853516,
37,114,85.99723052978516,
37,115,89.6534194946289,
37,116,88.63705444335938,
37,117,78.86503601074219,
37,118,82.16915130615234,
37,119,74.64794921875,
37,120,77.44048309326172,
37,121,66.49885559082031,21.0
38,1,,
38,2,,
38,3,,
38,4,,
38,5,,
38,6,,
38,7,,
38,8,,
38,9,,
38,10,,
38,11,,
38,12,,
38,13,,
38,14,,
38,15,,
38,16,,
38,17,,
38,18,,
38,19,,
38,20,,
38,21,,
38,22,,
38,23,,
38,24,,
38,25,,
38,26,,
38,27,,
38,28,,
38,29,,
38,30,,
38,31,120.09418487548828,
38,32,121.45310974121094,
38,33,122.03105926513672,
38,34,122.76688385009766,
38,35,122.71954345703125,
38,36,124.66010284423828,
38,37,124.40575408935547,
38,38,124.44033813476562,
38,39,124.3603515625,
38,40,124.74501037597656,
38,41,125.23994445800781,
38,42,125.87376403808594,
38,43,127.02022552490234,
38,44,127.82782745361328,
38,45,126.86636352539062,
38,46,127.49784851074219,
38,47,126.14119720458984,
38,48,127.29711151123047,
38,49,126.56913757324219,
38,50,127.10610961914062,
38,51,127.27278900146484,
38,52,126.95291137695312,
38,53,127.40424346923828,
38,54,127.11429595947266,
38,55,126.77719116210938,
38,56,126.17825317382812,
38,57,126.21315002441406,
38,58,124.5289535522461,
38,59,123.13713836669922,
38,60,120.4808120727539,
38,61,118.61470031738281,
38,62,117.27473449707031,
38,63,116.33393859863281,
38,64,120.2273178100586,
38,65,120.13513946533203,
38,66,118.85269165039062,
38,67,118.45512390136719,
38,68,113.85675811767578,
38,69,113.73753356933594,
38,70,112.0694808959961,
38,71,109.7190170288086,
38,72,108.6932144165039,
38,73,109.2850112915039,
38,74,105.87617492675781,
38,75,101.32408142089844,
38,76,99.03276062011719,
38,77,97.70466613769531,
38,78,92.63859558105469,
38,79,90.87287139892578,
38,80,88.61312103271484,
38,81,87.21998596191406,
38,82,83.37769317626953,
38,83,81.19313049316406,
38,84,80.46757507324219,
38,85,80.780029296875,
38,86,78.70288848876953,
38,87,76.40098571777344,
38,88,73.37493896484375,
38,89,71.27371215820312,
38,90,73.74885559082031,
38,91,68.94403076171875,
38,92,73.44868469238281,
38,93,71.3272476196289,
38,94,72.93196105957031,
38,95,79.02212524414062,
38,96,81.71662902832031,
38,97,84.91339874267578,
38,98,83.30746459960938,
38,99,85.84408569335938,
38,100,84.74642944335938,
38,101,88.01091003417969,
38,102,89.73724365234375,
38,103,89.81942749023438,
38,104,88.98602294921875,
38,105,92.01828002929688,
38,106,88.98634338378906,
38,107,88.84192657470703,
38,108,88.19807434082031,
38,109,84.4729995727539,
38,110,79.15409088134766,
38,111,80.06610107421875,
38,112,73.30960083007812,
38,113,69.41580963134766,
38,114,61.554405212402344,
38,115,59.464500427246094,
38,116,58.31769561767578,
38,117,51.986087799072266,
38,118,50.18180847167969,
38,119,101.61726379394531,
38,120,100.76754760742188,
38,121,99.60040283203125,
38,122,104.13787841796875,
38,123,113.89762115478516,
38,124,120.30375671386719,
38,125,119.59747314453125,50.0
39,1,,
39,2,,
39,3,,
39,4,,
39,5,,
39,6,,
39,7,,
39,8,,
39,9,,
39,10,,
39,11,,
39,12,,
39,13,,
39,14,,
39,15,,
39,16,,
39,17,,
39,18,,
39,19,,
39,20,,
39,21,,
39,22,,
39,23,,
39,24,,
39,25,,
39,26,,
39,27,,
39,28,,
39,29,,
39,30,,
39,31,104.11663818359375,
39,32,103.45867156982422,
39,33,114.88746643066406,
39,34,119.15611267089844,
39,35,121.18882751464844,
39,36,118.65584564208984,
39,37,115.95594787597656,142.0
40,1,,
40,2,,
40,3,,
40,4,,
40,5,,
40,6,,
40,7,,
40,8,,
40,9,,
40,10,,
40,11,,
40,12,,
40,13,,
40,14,,
40,15,,
40,16,,
40,17,,
40,18,,
40,19,,
40,20,,
40,21,,
40,22,,
40,23,,
40,24,,
40,25,,
40,26,,
40,27,,
40,28,,
40,29,,
40,30,,
40,31,23.742124557495117,
40,32,22.398845672607422,
40,33,18.87818145751953,
40,34,16.66986083984375,
40,35,15.007052421569824,
40,36,12.81469440460205,
40,37,11.435517311096191,
40,38,10.586517333984375,
40,39,9.763649940490723,
40,40,9.04024600982666,
40,41,96.18675231933594,
40,42,105.22773742675781,
40,43,113.41041564941406,
40,44,118.37557983398438,
40,45,120.97803497314453,
40,46,124.00890350341797,
40,47,124.48666381835938,
40,48,126.00518035888672,
40,49,126.36302947998047,
40,50,127.27891540527344,
40,51,127.51224517822266,
40,52,124.64119720458984,
40,53,123.75779724121094,
40,54,123.18556213378906,
40,55,124.03864288330078,
40,56,123.10018920898438,
40,57,126.127197265625,
40,58,125.39463806152344,
40,59,125.23199462890625,
40,60,127.75265502929688,
40,61,127.07701110839844,
40,62,125.54875183105469,
40,63,126.93450164794922,
40,64,125.41482543945312,
40,65,123.89696502685547,
40,66,121.58148956298828,
40,67,120.21524047851562,
40,68,115.994140625,
40,69,110.53120422363281,
40,70,106.5732192993164,
40,71,101.00830078125,
40,72,100.18455505371094,
40,73,98.4619140625,
40,74,95.83113861083984,
40,75,94.41394805908203,
40,76,92.23350524902344,
40,77,90.4842529296875,
40,78,91.69224548339844,
40,79,94.61007690429688,
40,80,103.04736328125,
40,81,106.29719543457031,
40,82,111.05426025390625,
40,83,115.29800415039062,
40,84,118.87956237792969,
40,85,117.70639038085938,
40,86,117.15580749511719,
40,87,121.0896987915039,
40,88,122.9010009765625,
40,89,124.65444946289062,
40,90,125.4571533203125,
40,91,125.08673858642578,
40,92,124.4521713256836,
40,93,124.87281799316406,
40,94,125.77521514892578,
40,95,123.31764221191406,
40,96,122.57331085205078,
40,97,121.14851379394531,
40,98,119.49883270263672,
40,99,119.80718231201172,
40,100,118.48477172851562,
40,101,116.93595886230469,
40,102,118.13131713867188,
40,103,119.45921325683594,
40,104,116.88897705078125,
40,105,115.6126937866211,
40,106,115.22084045410156,
40,107,114.98994445800781,
40,108,111.37403869628906,
40,109,110.5018310546875,
40,110,109.69969177246094,
40,111,110.34092712402344,
40,112,112.60334014892578,
40,113,110.2985610961914,
40,114,105.70236206054688,
40,115,97.40894317626953,
40,116,96.04060363769531,
40,117,101.28858947753906,
40,118,93.56463623046875,
40,119,90.5489273071289,
40,120,82.61592102050781,
40,121,84.93751525878906,
40,122,82.26713562011719,
40,123,84.3189468383789,
40,124,88.45341491699219,
40,125,88.53961944580078,
40,126,93.28256225585938,
40,127,97.53276062011719,
40,128,102.70390319824219,
40,129,106.51779174804688,
40,130,115.5834732055664,
40,131,116.02999877929688,
40,132,117.73361206054688,
40,133,118.40664672851562,28.0
41,1,,
41,2,,
41,3,,
41,4,,
41,5,,
41,6,,
41,7,,
41,8,,
41,9,,
41,10,,
41,11,,
41,12,,
41,13,,
41,14,,
41,15,,
41,16,,
41,17,,
41,18,,
41,19,,
41,20,,
41,21,,
41,22,,
41,23,,
41,24,,
41,25,,
41,26,,
41,27,,
41,28,,
41,29,,
41,30,,
41,31,107.66677856445312,
41,32,112.07810974121094,
41,33,114.92938232421875,
41,34,116.60858917236328,
41,35,115.73793029785156,
41,36,117.73550415039062,
41,37,115.37577819824219,
41,38,110.10429382324219,
41,39,107.44644165039062,
41,40,107.40966033935547,
41,41,107.60262298583984,
41,42,105.78900146484375,
41,43,100.447998046875,
41,44,98.68948364257812,
41,45,98.65461730957031,
41,46,95.7608642578125,
41,47,94.605712890625,
41,48,94.38076782226562,
41,49,100.48649597167969,
41,50,95.89363861083984,
41,51,93.06416320800781,
41,52,85.83749389648438,
41,53,85.5579833984375,
41,54,86.7316665649414,
41,55,82.98855590820312,
41,56,78.0107192993164,
41,57,82.61980438232422,
41,58,86.60916900634766,
41,59,75.71333312988281,
41,60,84.75819396972656,
41,61,93.48709106445312,
41,62,98.26471710205078,
41,63,100.07872009277344,
41,64,97.5998306274414,
41,65,93.85151672363281,
41,66,97.4681396484375,
41,67,101.21987915039062,
41,68,102.6225357055664,
41,69,88.38929748535156,
41,70,78.40669250488281,
41,71,85.42412567138672,
41,72,89.22412109375,
41,73,96.58648681640625,
41,74,100.46070861816406,
41,75,100.1346435546875,
41,76,109.27645874023438,
41,77,113.0316162109375,
41,78,118.22254180908203,
41,79,122.85389709472656,
41,80,124.32080078125,
41,81,123.91588592529297,
41,82,118.47468566894531,
41,83,112.90007019042969,
41,84,109.05364990234375,
41,85,90.79730224609375,
41,86,86.45531463623047,
41,87,81.79949188232422,
41,88,82.0864028930664,
41,89,82.80125427246094,
41,90,76.18168640136719,
41,91,73.31021118164062,
41,92,63.19324493408203,
41,93,51.99411392211914,
41,94,49.334320068359375,
41,95,47.332767486572266,
41,96,45.50350570678711,
41,97,43.49978256225586,
41,98,45.249691009521484,
41,99,46.072452545166016,
41,100,44.876243591308594,
41,101,42.627811431884766,
41,102,41.71965408325195,
41,103,39.73246383666992,
41,104,42.30718994140625,
41,105,42.2989616394043,
41,106,38.948604583740234,
41,107,37.6688117980957,
41,108,34.80778884887695,
41,109,34.41501998901367,
41,110,35.96331024169922,
41,111,36.10031509399414,
41,112,34.60805892944336,
41,113,32.392486572265625,
41,114,32.070987701416016,
41,115,31.91404914855957,
41,116,28.218442916870117,
41,117,25.291973114013672,
41,118,24.197837829589844,
41,119,124.42642211914062,
41,120,124.08030700683594,
41,121,124.75675964355469,
41,122,125.1385498046875,
41,123,125.70179748535156,18.0
42,1,,
42,2,,
42,3,,
42,4,,
42,5,,
42,6,,
42,7,,
42,8,,
42,9,,
42,10,,
42,11,,
42,12,,
42,13,,
42,14,,
42,15,,
42,16,,
42,17,,
42,18,,
42,19,,
42,20,,
42,21,,
42,22,,
42,23,,
42,24,,
42,25,,
42,26,,
42,27,,
42,28,,
42,29,,
42,30,,
42,31,110.80780029296875,
42,32,115.18318939208984,
42,33,119.0663070678711,
42,34,121.1822738647461,
42,35,122.67292022705078,
42,36,124.10765838623047,
42,37,124.04584503173828,
42,38,124.99855041503906,
42,39,124.81272888183594,
42,40,125.53865051269531,
42,41,124.54478454589844,
42,42,121.80497741699219,
42,43,122.956787109375,
42,44,120.3689193725586,
42,45,112.24934387207031,
42,46,110.79844665527344,
42,47,105.726318359375,
42,48,108.174560546875,
42,49,112.31562042236328,
42,50,111.58821105957031,
42,51,106.28711700439453,
42,52,109.161865234375,
42,53,113.06767272949219,
42,54,107.28289794921875,
42,55,99.39527893066406,
42,56,100.50273132324219,
42,57,103.20280456542969,
42,58,106.24429321289062,
42,59,109.94648742675781,
42,60,109.3014144897461,
42,61,108.33735656738281,
42,62,109.374755859375,
42,63,103.55250549316406,
42,64,99.48519897460938,
42,65,94.82821655273438,
42,66,88.55792236328125,
42,67,82.8681640625,
42,68,83.21147155761719,
42,69,74.95321655273438,
42,70,71.58689880371094,
42,71,73.1741943359375,
42,72,67.54563903808594,
42,73,59.86522674560547,
42,74,61.94918441772461,
42,75,60.26668167114258,
42,76,61.56685256958008,
42,77,63.38987350463867,
42,78,64.32716369628906,
42,79,63.831111907958984,
42,80,63.9986572265625,
42,81,65.32067108154297,
42,82,65.38008117675781,
42,83,64.36605834960938,
42,84,60.964698791503906,
42,85,59.4755744934082,
42,86,59.627620697021484,
42,87,64.67216491699219,
42,88,68.75889587402344,
42,89,79.08797454833984,
42,90,78.32940673828125,
42,91,78.7615737915039,
42,92,77.16580200195312,
42,93,76.91962432861328,
42,94,71.45893859863281,
42,95,57.83186721801758,
42,96,53.19020462036133,
42,97,49.21037673950195,
42,98,46.65827941894531,
42,99,45.08710861206055,
42,100,44.31855773925781,
42,101,43.45359420776367,
42,102,42.75564956665039,
42,103,40.8779182434082,
42,104,38.01361083984375,
42,105,35.12514114379883,
42,106,34.259727478027344,
42,107,31.66023063659668,
42,108,30.81751251220703,
42,109,30.251094818115234,
42,110,29.81148338317871,
42,111,123.16492462158203,
42,112,123.12692260742188,
42,113,123.39793395996094,
42,114,124.27747344970703,
42,115,124.37003326416016,
42,116,123.59257507324219,
42,117,124.3238525390625,
42,118,125.07260131835938,
42,119,125.41951751708984,
42,120,126.72050476074219,
42,121,127.05000305175781,
42,122,127.79017639160156,
42,123,127.527587890625,
42,124,128.23118591308594,
42,125,128.099609375,
42,126,126.06797790527344,
42,127,124.62055969238281,
42,128,124.210693359375,
42,129,124.24824523925781,
42,130,123.84793090820312,
42,131,123.20936584472656,
42,132,124.39710998535156,
42,133,123.58499145507812,
42,134,124.55964660644531,
42,135,123.4454345703125,
42,136,122.75381469726562,
42,137,122.0284194946289,
42,138,121.3648681640625,
42,139,122.47075653076172,
42,140,122.79876708984375,
42,141,122.90066528320312,
42,142,122.46528625488281,
42,143,123.62957763671875,
42,144,123.68875122070312,
42,145,124.03044891357422,
42,146,124.74221801757812,
42,147,126.10029602050781,
42,148,126.1935806274414,
42,149,127.20158386230469,
42,150,126.3682632446289,
42,151,126.89932250976562,
42,152,125.74325561523438,
42,153,126.21353912353516,
42,154,124.55306243896484,
42,155,125.50907897949219,
42,156,125.69812774658203,10.0
43,1,,
43,2,,
43,3,,
43,4,,
43,5,,
43,6,,
43,7,,
43,8,,
43,9,,
43,10,,
43,11,,
43,12,,
43,13,,
43,14,,
43,15,,
43,16,,
43,17,,
43,18,,
43,19,,
43,20,,
43,21,,
43,22,,
43,23,,
43,24,,
43,25,,
43,26,,
43,27,,
43,28,,
43,29,,
43,30,,
43,31,120.01986694335938,
43,32,118.84916687011719,
43,33,111.33634948730469,
43,34,104.54989624023438,
43,35,98.91813659667969,
43,36,101.6310043334961,
43,37,96.1637191772461,
43,38,96.26275634765625,
43,39,98.44357299804688,
43,40,94.66449737548828,
43,41,95.47731018066406,
43,42,92.71350860595703,
43,43,93.91252899169922,
43,44,95.52688598632812,
43,45,99.92344665527344,
43,46,101.30718994140625,
43,47,105.50753021240234,
43,48,109.50263977050781,
43,49,113.13961791992188,
43,50,125.57241821289062,
43,51,125.74143981933594,
43,52,124.87600708007812,
43,53,124.90876770019531,
43,54,125.15962219238281,
43,55,124.99374389648438,
43,56,124.74011993408203,
43,57,124.61613464355469,
43,58,125.20936584472656,
43,59,126.04745483398438,
43,60,126.36488342285156,
43,61,124.92172241210938,
43,62,124.37492370605469,
43,63,124.04158020019531,
43,64,124.61476135253906,
43,65,124.5078125,
43,66,125.067626953125,
43,67,126.65806579589844,
43,68,126.1357421875,
43,69,126.12897491455078,
43,70,127.10282897949219,
43,71,125.83920288085938,
43,72,126.49772644042969,
43,73,126.8911361694336,
43,74,126.076416015625,
43,75,125.95069122314453,
43,76,126.07072448730469,
43,77,126.31310272216797,
43,78,126.47611999511719,
43,79,127.003173828125,
43,80,127.2828598022461,
43,81,126.49445343017578,
43,82,125.42750549316406,
43,83,125.13693237304688,
43,84,123.48028564453125,
43,85,122.982421875,
43,86,118.23128509521484,
43,87,117.72853088378906,
43,88,117.40687561035156,
43,89,116.3670654296875,
43,90,116.85113525390625,
43,91,116.47322082519531,
43,92,117.3040771484375,
43,93,117.94457244873047,
43,94,116.84654235839844,
43,95,116.23176574707031,
43,96,116.75799560546875,
43,97,117.6854248046875,
43,98,119.64108276367188,
43,99,118.9317855834961,
43,100,119.2941665649414,
43,101,120.07896423339844,
43,102,118.69114685058594,
43,103,116.5188217163086,
43,104,112.23802947998047,
43,105,109.97886657714844,
43,106,107.78824615478516,
43,107,103.02511596679688,
43,108,101.9683837890625,
43,109,99.23585510253906,
43,110,98.35853576660156,
43,111,96.70945739746094,
43,112,97.22528076171875,
43,113,99.69314575195312,
43,114,100.41213989257812,
43,115,101.47706604003906,
43,116,101.6742935180664,
43,117,104.79743194580078,
43,118,105.74603271484375,
43,119,107.01863861083984,
43,120,109.26691436767578,
43,121,109.3927993774414,
43,122,107.99002075195312,
43,123,105.67548370361328,
43,124,105.41790771484375,
43,125,107.19902038574219,
43,126,107.6214370727539,
43,127,106.03904724121094,
43,128,104.35348510742188,
43,129,106.18959045410156,
43,130,104.88934326171875,
43,131,91.72512817382812,
43,132,88.30158996582031,
43,133,87.61734008789062,
43,134,84.14046478271484,
43,135,81.987548828125,
43,136,73.33836364746094,
43,137,72.84272766113281,
43,138,65.08525085449219,
43,139,61.905738830566406,
43,140,63.52061080932617,
43,141,63.46710968017578,
43,142,61.431278228759766,
43,143,64.22943115234375,
43,144,63.476192474365234,
43,145,68.80325317382812,
43,146,79.46426391601562,
43,147,61.7119026184082,
43,148,64.6852035522461,
43,149,68.32794952392578,
43,150,73.99180603027344,
43,151,83.00956726074219,
43,152,84.55746459960938,
43,153,88.67892456054688,
43,154,90.89462280273438,
43,155,90.53999328613281,
43,156,92.05099487304688,
43,157,92.5445327758789,
43,158,86.20213317871094,
43,159,84.62518310546875,
43,160,79.73567962646484,
43,161,81.23277282714844,
43,162,84.15151977539062,
43,163,81.87715148925781,
43,164,80.74009704589844,
43,165,71.11039733886719,
43,166,64.06079864501953,
43,167,61.49760818481445,
43,168,49.78895950317383,
43,169,48.501895904541016,
43,170,37.65560531616211,
43,171,31.028762817382812,
43,172,30.387454986572266,59.0
44,1,,
44,2,,
44,3,,
44,4,,
44,5,,
44,6,,
44,7,,
44,8,,
44,9,,
44,10,,
44,11,,
44,12,,
44,13,,
44,14,,
44,15,,
44,16,,
44,17,,
44,18,,
44,19,,
44,20,,
44,21,,
44,22,,
44,23,,
44,24,,
44,25,,
44,26,,
44,27,,
44,28,,
44,29,,
44,30,,
44,31,123.92125701904297,
44,32,124.96931457519531,
44,33,124.51429748535156,
44,34,124.37864685058594,
44,35,124.04330444335938,
44,36,123.08121490478516,
44,37,123.14251708984375,
44,38,122.88420104980469,
44,39,122.60355377197266,
44,40,123.64236450195312,
44,41,121.88578796386719,
44,42,120.7151870727539,
44,43,121.94328308105469,
44,44,121.3727035522461,
44,45,121.13948822021484,
44,46,120.88014221191406,
44,47,120.93174743652344,
44,48,119.3204116821289,
44,49,120.49479675292969,
44,50,120.80223846435547,
44,51,120.89005279541016,
44,52,121.34484100341797,
44,53,122.76290893554688,
44,54,122.76690673828125,109.0
45,1,,
45,2,,
45,3,,
45,4,,
45,5,,
45,6,,
45,7,,
45,8,,
45,9,,
45,10,,
45,11,,
45,12,,
45,13,,
45,14,,
45,15,,
45,16,,
45,17,,
45,18,,
45,19,,
45,20,,
45,21,,
45,22,,
45,23,,
45,24,,
45,25,,
45,26,,
45,27,,
45,28,,
45,29,,
45,30,,
45,31,122.92112731933594,
45,32,122.94913482666016,
45,33,122.17416381835938,
45,34,123.06779479980469,
45,35,121.55673217773438,
45,36,122.01370239257812,
45,37,123.03164672851562,
45,38,125.86444854736328,
45,39,125.52784729003906,
45,40,124.61830139160156,
45,41,123.67327880859375,
45,42,121.13607025146484,
45,43,115.71453857421875,
45,44,111.38080596923828,
45,45,107.92865753173828,
45,46,108.16564178466797,
45,47,107.20755004882812,
45,48,103.57269287109375,
45,49,107.0660400390625,
45,50,106.42906951904297,
45,51,118.20724487304688,
45,52,121.4923095703125,
45,53,122.64911651611328,
45,54,121.79617309570312,
45,55,123.80973815917969,
45,56,122.98806762695312,
45,57,123.84762573242188,
45,58,124.78042602539062,
45,59,125.46697998046875,
45,60,125.56864929199219,
45,61,126.09713745117188,
45,62,126.47918701171875,
45,63,126.98193359375,
45,64,126.67713928222656,
45,65,125.63053894042969,
45,66,124.70988464355469,
45,67,123.24296569824219,
45,68,122.1758041381836,
45,69,121.70967864990234,
45,70,123.36365509033203,
45,71,123.98255157470703,
45,72,123.73835754394531,
45,73,123.20973205566406,
45,74,124.27862548828125,
45,75,126.07557678222656,
45,76,127.50357055664062,
45,77,128.17892456054688,
45,78,127.94823455810547,
45,79,128.00198364257812,
45,80,128.22972106933594,
45,81,127.6500244140625,
45,82,125.7462158203125,
45,83,124.8387451171875,
45,84,124.97622680664062,
45,85,127.12262725830078,
45,86,127.73929595947266,
45,87,119.06524658203125,
45,88,119.18063354492188,
45,89,121.17904663085938,
45,90,122.726318359375,
45,91,121.87690734863281,
45,92,124.75702667236328,
45,93,122.94615936279297,
45,94,124.6336441040039,
45,95,121.7295913696289,
45,96,123.58026885986328,
45,97,119.85107421875,
45,98,120.67244720458984,
45,99,116.34451293945312,
45,100,116.0845947265625,
45,101,110.22879028320312,
45,102,105.58659362792969,
45,103,100.85243225097656,
45,104,97.3319091796875,
45,105,99.73037719726562,
45,106,101.55514526367188,
45,107,101.61145782470703,
45,108,103.67060852050781,
45,109,99.04864501953125,
45,110,97.04344177246094,
45,111,94.55924987792969,
45,112,98.28275299072266,
45,113,99.15618896484375,
45,114,106.04711151123047,
45,115,104.15748596191406,
45,116,105.37913513183594,
45,117,104.84321594238281,
45,118,105.44390869140625,
45,119,110.14590454101562,
45,120,113.13150024414062,
45,121,114.57890319824219,
45,122,116.85494232177734,
45,123,111.30624389648438,
45,124,110.58346557617188,
45,125,103.87947082519531,
45,126,101.12150573730469,
45,127,94.95626831054688,
45,128,93.11329650878906,
45,129,92.90172576904297,
45,130,95.89274597167969,
45,131,93.05992126464844,
45,132,89.72457885742188,
45,133,88.3009033203125,
45,134,90.09488677978516,
45,135,89.59185791015625,
45,136,86.79750061035156,
45,137,76.44707489013672,
45,138,70.07176971435547,
45,139,65.27798461914062,
45,140,58.278804779052734,
45,141,60.08169174194336,
45,142,61.19357681274414,
45,143,59.565914154052734,
45,144,59.6066780090332,
45,145,58.958160400390625,
45,146,52.30155944824219,
45,147,56.76042556762695,
45,148,54.22865676879883,
45,149,56.761714935302734,
45,150,59.16953659057617,
45,151,58.11311721801758,
45,152,57.64307403564453,114.0
46,1,,
46,2,,
46,3,,
46,4,,
46,5,,
46,6,,
46,7,,
46,8,,
46,9,,
46,10,,
46,11,,
46,12,,
46,13,,
46,14,,
46,15,,
46,16,,
46,17,,
46,18,,
46,19,,
46,20,,
46,21,,
46,22,,
46,23,,
46,24,,
46,25,,
46,26,,
46,27,,
46,28,,
46,29,,
46,30,,
46,31,59.4755744934082,
46,32,59.627620697021484,
46,33,64.67216491699219,
46,34,68.75889587402344,
46,35,79.08797454833984,
46,36,78.32940673828125,
46,37,78.7615737915039,
46,38,77.16580200195312,
46,39,76.91962432861328,
46,40,71.45893859863281,
46,41,57.83186721801758,
46,42,53.19020462036133,
46,43,49.21037673950195,
46,44,46.65827941894531,
46,45,45.08710861206055,
46,46,44.31855773925781,
46,47,43.45359420776367,
46,48,42.75564956665039,
46,49,40.8779182434082,
46,50,38.01361083984375,
46,51,35.12514114379883,
46,52,34.259727478027344,
46,53,31.66023063659668,
46,54,30.81751251220703,
46,55,30.251094818115234,
46,56,29.81148338317871,
46,57,123.16492462158203,
46,58,123.12692260742188,
46,59,123.39793395996094,
46,60,124.27747344970703,
46,61,124.37003326416016,
46,62,123.59257507324219,
46,63,124.3238525390625,
46,64,125.07260131835938,
46,65,125.41951751708984,
46,66,126.72050476074219,
46,67,127.05000305175781,
46,68,127.79017639160156,
46,69,127.527587890625,
46,70,128.23118591308594,
46,71,128.099609375,
46,72,126.06797790527344,
46,73,124.62055969238281,
46,74,124.210693359375,
46,75,124.24824523925781,
46,76,123.84793090820312,
46,77,123.20936584472656,
46,78,124.39710998535156,
46,79,123.58499145507812,
46,80,124.55964660644531,
46,81,123.4454345703125,
46,82,122.75381469726562,
46,83,122.0284194946289,
46,84,121.3648681640625,
46,85,122.47075653076172,
46,86,122.79876708984375,
46,87,122.90066528320312,
46,88,122.46528625488281,
46,89,123.62957763671875,
46,90,123.68875122070312,
46,91,124.03044891357422,
46,92,124.74221801757812,
46,93,126.10029602050781,
46,94,126.1935806274414,
46,95,127.20158386230469,
46,96,126.3682632446289,
46,97,126.89932250976562,
46,98,125.74325561523438,
46,99,126.21353912353516,
46,100,124.55306243896484,
46,101,125.50907897949219,
46,102,125.69812774658203,
46,103,125.9101333618164,
46,104,125.85259246826172,
46,105,125.61763000488281,
46,106,124.47222900390625,
46,107,124.54757690429688,
46,108,124.6058349609375,
46,109,123.2538070678711,
46,110,123.52547454833984,
46,111,124.19148254394531,
46,112,124.20661926269531,
46,113,124.69203186035156,
46,114,124.82550048828125,
46,115,124.15370178222656,
46,116,124.39958190917969,
46,117,124.22259521484375,
46,118,123.81939697265625,
46,119,124.02256774902344,
46,120,125.01400756835938,
46,121,125.63842010498047,
46,122,126.05741882324219,
46,123,126.24772644042969,
46,124,126.58721160888672,
46,125,127.00177001953125,
46,126,126.52072143554688,
46,127,125.74054718017578,
46,128,126.13888549804688,
46,129,126.16919708251953,
46,130,125.19493865966797,
46,131,125.26206970214844,
46,132,124.74982452392578,
46,133,123.55343627929688,
46,134,123.48689270019531,
46,135,124.15587615966797,
46,136,124.45268249511719,
46,137,124.56649017333984,
46,138,123.39106750488281,
46,139,121.91128540039062,
46,140,121.13398742675781,
46,141,121.15663146972656,
46,142,119.99552917480469,
46,143,120.21575927734375,
46,144,120.87992095947266,
46,145,120.23100280761719,
46,146,119.05043029785156,47.0
47,1,,
47,2,,
47,3,,
47,4,,
47,5,,
47,6,,
47,7,,
47,8,,
47,9,,
47,10,,
47,11,,
47,12,,
47,13,,
47,14,,
47,15,,
47,16,,
47,17,,
47,18,,
47,19,,
47,20,,
47,21,,
47,22,,
47,23,,
47,24,,
47,25,,
47,26,,
47,27,,
47,28,,
47,29,,
47,30,,
47,31,119.59123229980469,
47,32,118.76069641113281,
47,33,118.25711059570312,
47,34,117.90072631835938,
47,35,118.28459167480469,
47,36,117.4814453125,
47,37,117.20748901367188,
47,38,117.2823486328125,
47,39,119.40162658691406,
47,40,120.13076782226562,
47,41,122.50328826904297,
47,42,121.40856170654297,
47,43,121.58499145507812,
47,44,121.55594635009766,
47,45,120.36405944824219,
47,46,120.71328735351562,
47,47,118.65325164794922,
47,48,116.87841033935547,
47,49,115.02375030517578,
47,50,115.17325592041016,
47,51,115.71435546875,
47,52,118.39217376708984,
47,53,119.41943359375,
47,54,117.65946960449219,
47,55,117.83137512207031,
47,56,115.11099243164062,
47,57,113.70637512207031,
47,58,109.90436553955078,
47,59,108.19261169433594,
47,60,108.06321716308594,
47,61,108.73800659179688,
47,62,110.1907958984375,
47,63,110.65851593017578,
47,64,111.25914001464844,
47,65,111.62020874023438,
47,66,112.64450073242188,
47,67,114.6535873413086,
47,68,114.49040985107422,
47,69,116.21037292480469,
47,70,117.43785095214844,
47,71,118.32017517089844,
47,72,118.6440200805664,
47,73,118.494140625,135.0
48,1,,
48,2,,
48,3,,
48,4,,
48,5,,
48,6,,
48,7,,
48,8,,
48,9,,
48,10,,
48,11,,
48,12,,
48,13,,
48,14,,
48,15,,
48,16,,
48,17,,
48,18,,
48,19,,
48,20,,
48,21,,
48,22,,
48,23,,
48,24,,
48,25,,
48,26,,
48,27,,
48,28,,
48,29,,
48,30,,
48,31,126.94063568115234,
48,32,126.48706817626953,
48,33,125.63569641113281,
48,34,124.30714416503906,
48,35,124.20843505859375,
48,36,123.5374526977539,
48,37,125.45154571533203,
48,38,123.31105041503906,
48,39,121.35739135742188,
48,40,120.87504577636719,
48,41,120.80827331542969,
48,42,121.01913452148438,
48,43,120.34467315673828,
48,44,120.55721282958984,
48,45,119.14835357666016,
48,46,119.74726867675781,
48,47,120.86630249023438,
48,48,119.89202880859375,
48,49,120.02835845947266,
48,50,122.0565185546875,
48,51,120.63179016113281,
48,52,119.19686889648438,
48,53,119.98760223388672,
48,54,120.84976196289062,
48,55,123.43315887451172,
48,56,124.99858093261719,
48,57,122.14274597167969,
48,58,121.7016830444336,
48,59,121.64099884033203,
48,60,121.5536117553711,
48,61,123.16716003417969,
48,62,124.39258575439453,
48,63,125.03581237792969,
48,64,124.88849639892578,
48,65,124.81660461425781,
48,66,124.26162719726562,
48,67,124.09039306640625,
48,68,124.01106262207031,
48,69,124.98091125488281,
48,70,125.50436401367188,
48,71,125.6470947265625,
48,72,126.23544311523438,
48,73,126.92986297607422,
48,74,125.73192596435547,
48,75,125.5081787109375,
48,76,125.2738037109375,
48,77,125.13948059082031,
48,78,124.32208251953125,92.0
49,1,,
49,2,,
49,3,,
49,4,,
49,5,,
49,6,,
49,7,,
49,8,,
49,9,,
49,10,,
49,11,,
49,12,,
49,13,,
49,14,,
49,15,,
49,16,,
49,17,,
49,18,,
49,19,,
49,20,,
49,21,,
49,22,,
49,23,,
49,24,,
49,25,,
49,26,,
49,27,,
49,28,,
49,29,,
49,30,,
49,31,,
49,32,,
49,33,,
49,34,,
49,35,,
49,36,,
49,37,,
49,38,,
49,39,,
49,40,,
49,41,,
49,42,,
49,43,,
49,44,,
49,45,,
49,46,,
49,47,,
49,48,,
49,49,,
49,50,,
49,51,,
49,52,,
49,53,,
49,54,,
49,55,,
49,56,,
49,57,,
49,58,,
49,59,,
49,60,,
49,61,,
49,62,,
49,63,,
49,64,,
49,65,,
49,66,,
49,67,,
49,68,,
49,69,,
49,70,,
49,71,,
49,72,,
49,73,,
49,74,,
49,75,,
49,76,,
49,77,,
49,78,,
49,79,,
49,80,,
49,81,,
49,82,,
49,83,,
49,84,,
49,85,,
49,86,,
49,87,,
49,88,,
49,89,,
49,90,,
49,91,,
49,92,,
49,93,,
49,94,,
49,95,,
49,96,,
49,97,,
49,98,,
49,99,,
49,100,,
49,101,,
49,102,,
49,103,,
49,104,,
49,105,,
49,106,,
49,107,,
49,108,,
49,109,,
49,110,,
49,111,,
49,112,,
49,113,,
49,114,,
49,115,,
49,116,,
49,117,,
49,118,,
49,119,,
49,120,,
49,121,,
49,122,,
49,123,,
49,124,,
49,125,,
49,126,,
49,127,,
49,128,,
49,129,,
49,130,,
49,131,,
49,132,,
49,133,,
49,134,,
49,135,,
49,136,,
49,137,,
49,138,,
49,139,,
49,140,,
49,141,,
49,142,,
49,143,,
49,144,,
49,145,,
49,146,,
49,147,,
49,148,,
49,149,,
49,150,,
49,151,,
49,152,,
49,153,,
49,154,,
49,155,,
49,156,,
49,157,,
49,158,,
49,159,,
49,160,,
49,161,,
49,162,,
49,163,,
49,164,,
49,165,,
49,166,,
49,167,,
49,168,,
49,169,,
49,170,,
49,171,,
49,172,,
49,173,,
49,174,,
49,175,,
49,176,,
49,177,,
49,178,,
49,179,,
49,180,,
49,181,,
49,182,,
49,183,,
49,184,,
49,185,,
49,186,,
49,187,,
49,188,,
49,189,,
49,190,,
49,191,,
49,192,,
49,193,,
49,194,,
49,195,,
49,196,,
49,197,,
49,198,,
49,199,,
49,200,,
49,201,,
49,202,,
49,203,,
49,204,,
49,205,,
49,206,,
49,207,,
49,208,,
49,209,,
49,210,,
49,211,,
49,212,,
49,213,,
49,214,,
49,215,,
49,216,,
49,217,,
49,218,,
49,219,,
49,220,,
49,221,,
49,222,,
49,223,,
49,224,,
49,225,,
49,226,,
49,227,,
49,228,,
49,229,,
49,230,,
49,231,,
49,232,,
49,233,,
49,234,,
49,235,,
49,236,,
49,237,,
49,238,,
49,239,,
49,240,,
49,241,,
49,242,,
49,243,,
49,244,,
49,245,,
49,246,,
49,247,,
49,248,,
49,249,,
49,250,,
49,251,,
49,252,,
49,253,,
49,254,,
49,255,,
49,256,,
49,257,,
49,258,,
49,259,,
49,260,,
49,261,,
49,262,,
49,263,,
49,264,,
49,265,,
49,266,,
49,267,,
49,268,,
49,269,,
49,270,,
49,271,,
49,272,,
49,273,,
49,274,,
49,275,,
49,276,,
49,277,,
49,278,,
49,279,,
49,280,,
49,281,,
49,282,,
49,283,,
49,284,,
49,285,,
49,286,,
49,287,,
49,288,,
49,289,,
49,290,,
49,291,,
49,292,,
49,293,,
49,294,,
49,295,,
49,296,,
49,297,,
49,298,,
49,299,,
49,300,,
49,301,,
49,302,,
49,303,,21.0
50,1,,
50,2,,
50,3,,
50,4,,
50,5,,
50,6,,
50,7,,
50,8,,
50,9,,
50,10,,
50,11,,
50,12,,
50,13,,
50,14,,
50,15,,
50,16,,
50,17,,
50,18,,
50,19,,
50,20,,
50,21,,
50,22,,
50,23,,
50,24,,
50,25,,
50,26,,
50,27,,
50,28,,
50,29,,
50,30,,
50,31,95.5644302368164,
50,32,95.90666198730469,
50,33,94.63923645019531,
50,34,92.88604736328125,
50,35,91.95037841796875,
50,36,91.92191314697266,
50,37,90.02293395996094,
50,38,91.00739288330078,
50,39,88.00017547607422,
50,40,83.62577056884766,
50,41,82.30952453613281,
50,42,80.49822998046875,
50,43,80.54424285888672,
50,44,78.24055480957031,
50,45,77.13817596435547,
50,46,78.60790252685547,
50,47,75.44963073730469,
50,48,75.91091918945312,
50,49,75.45242309570312,
50,50,76.05792236328125,
50,51,75.50736999511719,
50,52,73.44169616699219,
50,53,69.08441162109375,
50,54,67.2077407836914,
50,55,64.69947814941406,
50,56,63.70574951171875,
50,57,59.93471908569336,
50,58,59.240543365478516,
50,59,56.537109375,
50,60,55.8453254699707,
50,61,52.879764556884766,
50,62,51.949764251708984,
50,63,50.108177185058594,
50,64,48.04806137084961,
50,65,46.469139099121094,
50,66,45.73067092895508,
50,67,44.62080383300781,
50,68,43.68006134033203,
50,69,43.33772659301758,
50,70,42.87642288208008,
50,71,42.29856491088867,
50,72,41.3691520690918,
50,73,41.96552658081055,
50,74,42.52462387084961,79.0
51,1,,
51,2,,
51,3,,
51,4,,
51,5,,
51,6,,
51,7,,
51,8,,
51,9,,
51,10,,
51,11,,
51,12,,
51,13,,
51,14,,
51,15,,
51,16,,
51,17,,
51,18,,
51,19,,
51,20,,
51,21,,
51,22,,
51,23,,
51,24,,
51,25,,
51,26,,
51,27,,
51,28,,
51,29,,
51,30,,
51,31,109.05990600585938,
51,32,105.52349853515625,
51,33,106.91606903076172,
51,34,99.3359375,
51,35,99.46926879882812,
51,36,102.41671752929688,
51,37,105.0346450805664,
51,38,108.21028137207031,
51,39,112.74787902832031,
51,40,116.85098266601562,
51,41,117.16101837158203,
51,42,119.31117248535156,
51,43,121.46263122558594,
51,44,122.24754333496094,
51,45,124.27848815917969,
51,46,122.15599060058594,
51,47,122.18277740478516,
51,48,119.8857192993164,
51,49,117.35353088378906,
51,50,114.92699432373047,
51,51,113.63899230957031,
51,52,112.46536254882812,
51,53,110.70115661621094,
51,54,111.7372055053711,
51,55,110.63148498535156,
51,56,109.11278533935547,
51,57,105.58991241455078,
51,58,83.98023223876953,
51,59,85.4473876953125,
51,60,81.13276672363281,
51,61,84.81201171875,
51,62,87.97433471679688,
51,63,86.7224349975586,
51,64,89.41923522949219,
51,65,94.85872650146484,
51,66,96.67615509033203,
51,67,97.250244140625,
51,68,105.99471282958984,
51,69,102.853515625,
51,70,103.66120910644531,
51,71,100.34505462646484,
51,72,102.91056823730469,
51,73,107.84553527832031,
51,74,110.60215759277344,
51,75,109.78495788574219,
51,76,111.03689575195312,
51,77,109.74596405029297,
51,78,107.06892395019531,
51,79,106.50694274902344,
51,80,108.51182556152344,
51,81,110.25129699707031,
51,82,112.93060302734375,
51,83,114.2663345336914,
51,84,116.66201782226562,
51,85,116.58348083496094,
51,86,116.74833679199219,
51,87,117.46476745605469,
51,88,120.6025390625,
51,89,118.69512939453125,
51,90,111.29901123046875,
51,91,109.37796020507812,
51,92,107.64370727539062,
51,93,105.45222473144531,
51,94,97.75846862792969,
51,95,93.97561645507812,
51,96,88.65977478027344,
51,97,85.95623779296875,
51,98,84.0015640258789,
51,99,84.57131958007812,
51,100,84.6780776977539,
51,101,87.46724700927734,
51,102,98.59041595458984,
51,103,96.68289184570312,
51,104,97.54338073730469,
51,105,94.23502349853516,
51,106,69.19674682617188,
51,107,80.59423828125,
51,108,87.6199722290039,
51,109,87.11106872558594,
51,110,86.38697814941406,
51,111,82.32928466796875,
51,112,84.1993637084961,
51,113,84.81314849853516,
51,114,78.75668334960938,
51,115,75.73973083496094,
51,116,70.18449401855469,
51,117,65.26564025878906,
51,118,61.771339416503906,
51,119,57.2172966003418,
51,120,57.521766662597656,
51,121,57.1912841796875,
51,122,60.179439544677734,
51,123,59.34822463989258,
51,124,63.222511291503906,
51,125,71.0882568359375,
51,126,70.2533950805664,
51,127,71.51172637939453,
51,128,71.34679412841797,
51,129,71.65337371826172,
51,130,67.22090148925781,
51,131,64.83602905273438,
51,132,59.05439758300781,
51,133,125.3372802734375,
51,134,124.77266693115234,
51,135,124.45118713378906,
51,136,125.4813003540039,
51,137,126.05781555175781,
51,138,125.1834487915039,
51,139,124.71621704101562,
51,140,124.294921875,
51,141,124.42373657226562,
51,142,124.94178009033203,
51,143,124.78178405761719,
51,144,124.95759582519531,114.0
52,1,,
52,2,,
52,3,,
52,4,,
52,5,,
52,6,,
52,7,,
52,8,,
52,9,,
52,10,,
52,11,,
52,12,,
52,13,,
52,14,,
52,15,,
52,16,,
52,17,,
52,18,,
52,19,,
52,20,,
52,21,,
52,22,,
52,23,,
52,24,,
52,25,,
52,26,,
52,27,,
52,28,,
52,29,,
52,30,,
52,31,71.92533874511719,
52,32,70.28018951416016,
52,33,62.39387130737305,
52,34,55.818119049072266,
52,35,53.82011032104492,
52,36,52.125274658203125,
52,37,54.58522415161133,
52,38,55.005149841308594,
52,39,54.76284408569336,
52,40,54.8770866394043,
52,41,52.510433197021484,
52,42,53.14598846435547,
52,43,53.263919830322266,
52,44,54.74759292602539,
52,45,54.36989974975586,
52,46,54.45793533325195,
52,47,53.21332550048828,
52,48,53.347408294677734,
52,49,53.59539794921875,
52,50,52.28999710083008,
52,51,48.97319793701172,
52,52,48.50740432739258,
52,53,47.89969253540039,
52,54,47.304744720458984,
52,55,45.032833099365234,
52,56,44.31418991088867,
52,57,41.69267654418945,
52,58,36.95096969604492,
52,59,34.27390670776367,
52,60,34.053123474121094,
52,61,33.19204330444336,
52,62,32.75270462036133,
52,63,30.173723220825195,
52,64,29.25033950805664,
52,65,28.642208099365234,
52,66,26.900108337402344,
52,67,28.261754989624023,
52,68,30.638757705688477,
52,69,31.954227447509766,
52,70,33.40230941772461,
52,71,33.27401351928711,
52,72,33.12669372558594,
52,73,32.33405685424805,
52,74,30.080793380737305,
52,75,28.113475799560547,
52,76,27.40221405029297,
52,77,27.201988220214844,
52,78,22.721172332763672,
52,79,19.036544799804688,
52,80,15.987728118896484,
52,81,14.914315223693848,
52,82,13.76750659942627,
52,83,12.141793251037598,
52,84,10.850473403930664,
52,85,9.506913185119629,
52,86,9.363475799560547,
52,87,9.552118301391602,
52,88,9.181599617004395,
52,89,9.139389991760254,
52,90,8.783448219299316,
52,91,7.955293655395508,
52,92,7.038111209869385,
52,93,122.44853210449219,
52,94,121.09049987792969,
52,95,120.58680725097656,
52,96,121.42513275146484,
52,97,121.91801452636719,
52,98,120.34010314941406,
52,99,119.26456451416016,
52,100,119.81320190429688,
52,101,119.3671646118164,
52,102,121.03228759765625,
52,103,119.9656753540039,
52,104,118.48257446289062,
52,105,118.15135192871094,
52,106,118.99159240722656,
52,107,115.15715789794922,
52,108,115.07589721679688,
52,109,118.75706481933594,
52,110,118.0849609375,
52,111,118.16201782226562,
52,112,117.70692443847656,
52,113,110.0691909790039,
52,114,100.35897827148438,
52,115,98.02166748046875,
52,116,95.61424255371094,
52,117,92.43136596679688,
52,118,91.82095336914062,
52,119,87.10684204101562,
52,120,84.38207244873047,
52,121,81.9337158203125,
52,122,79.85991668701172,
52,123,82.50374603271484,
52,124,85.83531188964844,
52,125,88.83683776855469,
52,126,91.67330932617188,
52,127,94.97167205810547,
52,128,95.29071044921875,
52,129,99.05947875976562,
52,130,101.16535186767578,
52,131,109.31875610351562,
52,132,112.84151458740234,
52,133,116.86192321777344,
52,134,117.36505126953125,
52,135,118.70581817626953,
52,136,118.05094909667969,
52,137,119.598388671875,
52,138,117.63469696044922,
52,139,115.11288452148438,
52,140,114.13639068603516,
52,141,112.46952819824219,
52,142,111.37284851074219,
52,143,104.80863952636719,
52,144,99.40748596191406,
52,145,95.1505126953125,
52,146,90.55287170410156,
52,147,90.1998062133789,
52,148,76.25657653808594,
52,149,78.41156768798828,
52,150,76.849853515625,
52,151,78.68779754638672,
52,152,76.05941009521484,
52,153,82.49765014648438,
52,154,86.76066589355469,
52,155,98.83027648925781,
52,156,106.42074584960938,
52,157,110.98908233642578,
52,158,117.96099853515625,
52,159,121.1244888305664,
52,160,123.60952758789062,
52,161,124.99951934814453,
52,162,125.83641052246094,
52,163,125.53871154785156,
52,164,126.01747131347656,
52,165,124.22845458984375,
52,166,120.67996215820312,
52,167,115.88374328613281,
52,168,112.96260070800781,
52,169,109.63621520996094,
52,170,103.68264770507812,
52,171,99.29508972167969,
52,172,90.15079498291016,
52,173,90.5910873413086,
52,174,71.19734191894531,
52,175,72.47286224365234,
52,176,70.33309173583984,
52,177,59.072933197021484,
52,178,63.27859878540039,
52,179,82.88294219970703,
52,180,94.21061706542969,
52,181,100.30235290527344,
52,182,100.64363098144531,
52,183,106.4844970703125,
52,184,108.85606384277344,
52,185,110.66366577148438,
52,186,110.4826889038086,
52,187,113.13194274902344,
52,188,113.91445922851562,
52,189,116.14903259277344,29.0
53,1,,
53,2,,
53,3,,
53,4,,
53,5,,
53,6,,
53,7,,
53,8,,
53,9,,
53,10,,
53,11,,
53,12,,
53,13,,
53,14,,
53,15,,
53,16,,
53,17,,
53,18,,
53,19,,
53,20,,
53,21,,
53,22,,
53,23,,
53,24,,
53,25,,
53,26,,
53,27,,
53,28,,
53,29,,
53,30,,
53,31,124.85334014892578,
53,32,125.32772827148438,
53,33,124.89517211914062,
53,34,125.5780029296875,
53,35,125.65139770507812,
53,36,127.38786315917969,
53,37,128.1040802001953,
53,38,128.38272094726562,
53,39,127.67643737792969,
53,40,127.86467742919922,
53,41,128.3219757080078,
53,42,127.54353332519531,
53,43,125.24107360839844,
53,44,126.00538635253906,
53,45,124.9176254272461,
53,46,119.62712860107422,
53,47,119.57198333740234,
53,48,121.39390563964844,
53,49,119.73443603515625,
53,50,116.60042572021484,
53,51,118.0589599609375,
53,52,107.59645080566406,
53,53,110.33966064453125,
53,54,110.31472778320312,
53,55,108.20680236816406,
53,56,103.68245697021484,
53,57,100.83081817626953,
53,58,97.24403381347656,
53,59,92.75077056884766,
53,60,86.58672332763672,
53,61,87.80543518066406,
53,62,89.44863891601562,
53,63,90.78898620605469,
53,64,87.49573516845703,
53,65,86.80741882324219,
53,66,89.15723419189453,
53,67,91.40330505371094,
53,68,85.16485595703125,
53,69,85.19554138183594,
53,70,93.61521911621094,
53,71,90.13037109375,
53,72,95.92495727539062,
53,73,105.04460906982422,
53,74,113.62884521484375,
53,75,118.48211669921875,
53,76,121.07015991210938,
53,77,123.00123596191406,
53,78,123.48059844970703,
53,79,124.6964111328125,
53,80,124.9892807006836,
53,81,123.70331573486328,
53,82,122.5255355834961,
53,83,121.26375579833984,
53,84,121.05766296386719,
53,85,122.14896392822266,
53,86,123.71885681152344,
53,87,124.8778076171875,
53,88,125.36534118652344,
53,89,127.5511245727539,
53,90,129.4293670654297,
53,91,130.4702911376953,
53,92,131.24502563476562,
53,93,132.3618621826172,
53,94,123.59182739257812,
53,95,122.29997253417969,
53,96,122.10537719726562,
53,97,122.45600891113281,
53,98,122.53072357177734,
53,99,121.11166381835938,
53,100,122.33657836914062,
53,101,119.84712219238281,
53,102,116.89266967773438,
53,103,119.59689331054688,
53,104,119.34617614746094,
53,105,113.39590454101562,
53,106,111.53284454345703,
53,107,114.47285461425781,
53,108,113.56938171386719,
53,109,118.2160415649414,
53,110,115.46235656738281,
53,111,115.27464294433594,
53,112,113.54303741455078,
53,113,115.45620727539062,
53,114,114.08734130859375,
53,115,114.7921142578125,
53,116,115.58320617675781,
53,117,114.87722778320312,
53,118,116.68525695800781,
53,119,118.38427734375,
53,120,115.86259460449219,
53,121,116.38722229003906,
53,122,117.40579223632812,
53,123,118.46760559082031,
53,124,119.6705322265625,
53,125,120.23564147949219,
53,126,118.57850646972656,
53,127,116.85189819335938,
53,128,115.81433868408203,
53,129,113.60945129394531,
53,130,110.04347229003906,
53,131,105.33074188232422,
53,132,105.0341567993164,
53,133,102.65834045410156,
53,134,99.82029724121094,
53,135,103.62385559082031,
53,136,96.28883361816406,
53,137,98.376708984375,
53,138,96.1668472290039,
53,139,91.37564086914062,
53,140,95.59280395507812,
53,141,100.05197143554688,
53,142,93.29769134521484,
53,143,100.49493408203125,
53,144,104.89755249023438,
53,145,109.74934387207031,
53,146,113.28392028808594,
53,147,111.84776306152344,
53,148,108.46460723876953,
53,149,110.41612243652344,
53,150,112.4365234375,
53,151,113.08802795410156,
53,152,114.76437377929688,
53,153,116.78030395507812,
53,154,118.52719116210938,
53,155,117.22758483886719,
53,156,118.66497802734375,
53,157,119.37069702148438,
53,158,120.83157348632812,
53,159,120.47810363769531,
53,160,122.01683044433594,
53,161,121.50012969970703,
53,162,119.7431411743164,
53,163,117.69099426269531,
53,164,115.71998596191406,26.0
54,1,,
54,2,,
54,3,,
54,4,,
54,5,,
54,6,,
54,7,,
54,8,,
54,9,,
54,10,,
54,11,,
54,12,,
54,13,,
54,14,,
54,15,,
54,16,,
54,17,,
54,18,,
54,19,,
54,20,,
54,21,,
54,22,,
54,23,,
54,24,,
54,25,,
54,26,,
54,27,,
54,28,,
54,29,,
54,30,,
54,31,121.61006164550781,
54,32,121.07585144042969,
54,33,119.40863037109375,
54,34,118.62736511230469,
54,35,115.44320678710938,
54,36,112.30796813964844,
54,37,110.41461181640625,
54,38,99.12896728515625,
54,39,103.15418243408203,
54,40,104.45413208007812,
54,41,106.50202941894531,
54,42,110.80117797851562,
54,43,114.18318176269531,
54,44,116.1912612915039,
54,45,120.1698226928711,
54,46,119.92932891845703,
54,47,108.05524444580078,
54,48,108.46439361572266,
54,49,115.74351501464844,
54,50,113.79251098632812,
54,51,108.82565307617188,
54,52,105.75625610351562,
54,53,107.95469665527344,
54,54,112.45181274414062,
54,55,118.68898010253906,
54,56,122.2199935913086,
54,57,122.87470245361328,
54,58,123.03347778320312,
54,59,123.46641540527344,
54,60,121.79917907714844,
54,61,120.2042465209961,
54,62,118.97398376464844,
54,63,120.56089782714844,
54,64,118.58847045898438,
54,65,118.81459045410156,
54,66,118.3516845703125,
54,67,119.35919952392578,
54,68,119.5892562866211,
54,69,121.11436462402344,
54,70,123.42962646484375,
54,71,122.75801849365234,
54,72,120.0120849609375,
54,73,120.02149200439453,
54,74,120.55067443847656,
54,75,121.32240295410156,
54,76,120.0778579711914,
54,77,119.5741958618164,
54,78,121.48388671875,
54,79,115.9585952758789,
54,80,116.09136962890625,
54,81,116.30206298828125,
54,82,117.30913543701172,
54,83,123.88874053955078,
54,84,124.38166809082031,
54,85,122.56675720214844,
54,86,123.15675354003906,
54,87,121.95391845703125,
54,88,119.40326690673828,
54,89,119.71243286132812,
54,90,118.60313415527344,
54,91,120.0389633178711,
54,92,116.01618957519531,
54,93,115.24839782714844,
54,94,120.87530517578125,
54,95,121.70343017578125,
54,96,123.06085205078125,
54,97,123.4024429321289,
54,98,125.1645278930664,
54,99,123.21441650390625,
54,100,123.22075653076172,
54,101,122.86444091796875,
54,102,121.13236236572266,
54,103,120.46240997314453,
54,104,123.00719451904297,
54,105,122.80850982666016,
54,106,122.250732421875,
54,107,121.48922729492188,
54,108,124.11685180664062,
54,109,123.96442413330078,
54,110,122.17660522460938,
54,111,123.44956970214844,
54,112,121.49107360839844,
54,113,121.72856903076172,
54,114,120.45011901855469,
54,115,118.12722778320312,
54,116,116.25395202636719,
54,117,114.19894409179688,
54,118,113.40534973144531,
54,119,109.97950744628906,
54,120,103.64228820800781,
54,121,102.1385498046875,97.0
55,1,,
55,2,,
55,3,,
55,4,,
55,5,,
55,6,,
55,7,,
55,8,,
55,9,,
55,10,,
55,11,,
55,12,,
55,13,,
55,14,,
55,15,,
55,16,,
55,17,,
55,18,,
55,19,,
55,20,,
55,21,,
55,22,,
55,23,,
55,24,,
55,25,,
55,26,,
55,27,,
55,28,,
55,29,,
55,30,,
55,31,125.34494018554688,
55,32,124.63987731933594,
55,33,125.71446228027344,
55,34,124.91938781738281,
55,35,126.93745422363281,
55,36,128.47897338867188,
55,37,128.44252014160156,
55,38,127.89631652832031,
55,39,130.22886657714844,
55,40,129.71412658691406,
55,41,129.75636291503906,
55,42,128.3134307861328,
55,43,128.7930450439453,
55,44,129.75205993652344,
55,45,130.94891357421875,
55,46,130.37576293945312,
55,47,128.41661071777344,
55,48,128.14334106445312,
55,49,128.44036865234375,
55,50,127.95885467529297,
55,51,126.46830749511719,
55,52,123.95346069335938,
55,53,123.25843811035156,
55,54,121.8929443359375,
55,55,119.81956481933594,
55,56,120.05413055419922,
55,57,116.66454315185547,
55,58,103.28620910644531,
55,59,99.20001220703125,
55,60,92.97425079345703,
55,61,81.71858215332031,
55,62,84.43351745605469,
55,63,86.89984130859375,
55,64,85.31262969970703,
55,65,87.37104797363281,
55,66,89.07276916503906,
55,67,81.26124572753906,
55,68,81.55519104003906,
55,69,83.49346923828125,
55,70,82.78724670410156,
55,71,124.69691467285156,
55,72,125.17802429199219,
55,73,125.29052734375,
55,74,124.58097076416016,
55,75,125.05712127685547,
55,76,123.99524688720703,
55,77,124.59183502197266,
55,78,123.92474365234375,
55,79,124.42414855957031,
55,80,123.87675476074219,
55,81,124.47069549560547,
55,82,123.5896224975586,
55,83,122.06067657470703,
55,84,122.18096923828125,
55,85,121.57589721679688,
55,86,121.48709106445312,
55,87,121.84992218017578,
55,88,121.00579833984375,
55,89,120.43480682373047,
55,90,119.9896240234375,
55,91,120.53238677978516,
55,92,120.59632110595703,
55,93,122.05451965332031,
55,94,123.18287658691406,
55,95,123.78898620605469,
55,96,124.30064392089844,
55,97,124.6103744506836,
55,98,123.96615600585938,
55,99,122.38992309570312,
55,100,123.16573333740234,
55,101,124.34814453125,
55,102,125.8976058959961,
55,103,124.94332885742188,
55,104,123.57626342773438,
55,105,124.60474395751953,
55,106,125.34013366699219,
55,107,125.20498657226562,
55,108,125.33914184570312,
55,109,124.86174011230469,
55,110,124.10089874267578,
55,111,122.9519271850586,
55,112,122.999755859375,
55,113,122.31211853027344,137.0
56,1,,
56,2,,
56,3,,
56,4,,
56,5,,
56,6,,
56,7,,
56,8,,
56,9,,
56,10,,
56,11,,
56,12,,
56,13,,
56,14,,
56,15,,
56,16,,
56,17,,
56,18,,
56,19,,
56,20,,
56,21,,
56,22,,
56,23,,
56,24,,
56,25,,
56,26,,
56,27,,
56,28,,
56,29,,
56,30,,
56,31,122.93763732910156,
56,32,122.90739440917969,
56,33,122.14886474609375,
56,34,123.47029113769531,
56,35,122.37535858154297,
56,36,121.30083465576172,
56,37,120.8768310546875,
56,38,121.27302551269531,
56,39,121.03146362304688,
56,40,122.2412338256836,
56,41,122.21749877929688,
56,42,122.97811889648438,
56,43,121.62838745117188,
56,44,122.0110855102539,
56,45,122.38710021972656,
56,46,124.32554626464844,
56,47,124.13401794433594,
56,48,125.38445281982422,
56,49,125.68630981445312,
56,50,125.7168197631836,
56,51,125.52594757080078,
56,52,124.87797546386719,
56,53,123.2245101928711,
56,54,123.29782104492188,
56,55,125.96641540527344,
56,56,124.71332550048828,
56,57,123.67552947998047,
56,58,124.43572235107422,
56,59,125.16112518310547,
56,60,124.6104736328125,
56,61,123.881591796875,
56,62,124.04107666015625,
56,63,121.2568359375,
56,64,115.44743347167969,
56,65,109.84359741210938,
56,66,105.1961669921875,
56,67,69.4098129272461,
56,68,74.84903717041016,
56,69,76.37930297851562,
56,70,77.37832641601562,
56,71,87.38914489746094,
56,72,108.63340759277344,
56,73,113.99057006835938,
56,74,122.24488830566406,
56,75,124.7135009765625,
56,76,127.03795623779297,
56,77,128.29824829101562,
56,78,124.94742584228516,
56,79,124.716552734375,
56,80,122.18168640136719,
56,81,117.0784912109375,
56,82,114.73263549804688,
56,83,112.47402954101562,
56,84,109.70073699951172,
56,85,105.65170288085938,
56,86,99.93135070800781,
56,87,96.79488372802734,
56,88,96.79243469238281,
56,89,93.40544128417969,
56,90,95.0076904296875,
56,91,92.42721557617188,
56,92,91.91863250732422,
56,93,92.15042114257812,
56,94,98.85029602050781,
56,95,110.75003051757812,
56,96,112.5610580444336,
56,97,114.84640502929688,
56,98,118.27857971191406,
56,99,122.75509643554688,
56,100,124.50988006591797,
56,101,123.5737533569336,
56,102,126.10517120361328,
56,103,125.126220703125,
56,104,124.90001678466797,
56,105,125.59910583496094,
56,106,122.3500747680664,
56,107,117.97488403320312,
56,108,112.10227966308594,
56,109,109.26197814941406,
56,110,104.42378234863281,
56,111,96.17901611328125,
56,112,90.40505981445312,
56,113,88.79719543457031,
56,114,82.77891540527344,
56,115,86.36934661865234,
56,116,88.07160186767578,
56,117,82.72560119628906,
56,118,86.06291198730469,
56,119,83.28964233398438,
56,120,92.69282531738281,
56,121,92.1636962890625,
56,122,100.36979675292969,
56,123,104.21856689453125,
56,124,109.73661804199219,
56,125,118.14257049560547,
56,126,119.12800598144531,
56,127,121.41221618652344,
56,128,122.98652648925781,
56,129,124.70477294921875,
56,130,124.20509338378906,
56,131,123.87664794921875,
56,132,125.02423095703125,
56,133,123.95477294921875,
56,134,120.18575286865234,
56,135,121.10391235351562,
56,136,118.34085083007812,15.0
57,1,,
57,2,,
57,3,,
57,4,,
57,5,,
57,6,,
57,7,,
57,8,,
57,9,,
57,10,,
57,11,,
57,12,,
57,13,,
57,14,,
57,15,,
57,16,,
57,17,,
57,18,,
57,19,,
57,20,,
57,21,,
57,22,,
57,23,,
57,24,,
57,25,,
57,26,,
57,27,,
57,28,,
57,29,,
57,30,,
57,31,113.21609497070312,
57,32,116.93208312988281,
57,33,119.4207534790039,
57,34,121.15138244628906,
57,35,119.14772033691406,
57,36,116.01220703125,
57,37,112.58578491210938,
57,38,109.11869812011719,
57,39,105.46039581298828,
57,40,102.25935363769531,
57,41,96.40959930419922,
57,42,95.5888442993164,
57,43,97.06639099121094,
57,44,99.52631378173828,
57,45,103.697265625,
57,46,104.01304626464844,
57,47,105.01364135742188,
57,48,106.68305969238281,
57,49,106.41998291015625,
57,50,106.69186401367188,
57,51,124.12162017822266,
57,52,124.1205062866211,
57,53,119.73252868652344,
57,54,118.86881256103516,
57,55,118.16780090332031,
57,56,122.72260284423828,
57,57,123.18587493896484,
57,58,123.07203674316406,
57,59,123.4302978515625,
57,60,124.19261932373047,
57,61,123.16099548339844,
57,62,122.85011291503906,
57,63,122.42520904541016,
57,64,125.30738067626953,
57,65,125.89396667480469,
57,66,127.3427505493164,
57,67,128.12423706054688,
57,68,129.6416473388672,
57,69,128.9452362060547,
57,70,129.4580841064453,
57,71,126.76815795898438,
57,72,125.68644714355469,
57,73,125.06733703613281,
57,74,123.71266174316406,
57,75,125.62251281738281,
57,76,125.98358154296875,
57,77,120.51170349121094,
57,78,119.37273406982422,
57,79,118.83885192871094,
57,80,118.0772705078125,
57,81,119.61995697021484,
57,82,115.0067138671875,
57,83,119.39385986328125,
57,84,88.3940658569336,
57,85,94.36260986328125,
57,86,116.08238983154297,
57,87,111.99053955078125,
57,88,113.19659423828125,
57,89,115.83058166503906,
57,90,114.51132202148438,
57,91,114.43238067626953,
57,92,109.76008605957031,
57,93,118.15171813964844,
57,94,122.04143524169922,
57,95,122.97151184082031,
57,96,122.58444213867188,
57,97,123.84126281738281,
57,98,123.69927978515625,
57,99,124.54801940917969,
57,100,125.2554931640625,
57,101,125.28102111816406,
57,102,125.64411926269531,
57,103,126.10009765625,
57,104,125.79035949707031,
57,105,125.94491577148438,
57,106,125.76641082763672,
57,107,126.41229248046875,
57,108,129.5445556640625,
57,109,129.20216369628906,
57,110,130.31185913085938,
57,111,129.8854522705078,
57,112,128.00909423828125,
57,113,125.0629653930664,
57,114,124.20111846923828,
57,115,124.9398422241211,
57,116,124.43217468261719,
57,117,122.92723083496094,
57,118,124.3651123046875,
57,119,122.33891296386719,
57,120,119.1754150390625,
57,121,119.63838195800781,
57,122,119.71774291992188,
57,123,120.71151733398438,
57,124,121.2939224243164,
57,125,123.92416381835938,
57,126,126.41090393066406,
57,127,126.52632904052734,
57,128,126.54983520507812,
57,129,127.23143768310547,
57,130,125.74325561523438,
57,131,124.76454162597656,
57,132,123.52127838134766,
57,133,121.53353118896484,
57,134,121.98267364501953,
57,135,120.12080383300781,
57,136,117.15814208984375,
57,137,113.23298645019531,
57,138,110.92180633544922,
57,139,109.3565673828125,
57,140,102.63232421875,
57,141,91.02379608154297,
57,142,86.0852279663086,
57,143,80.40731811523438,
57,144,76.32279968261719,
57,145,89.33466339111328,
57,146,84.74276733398438,
57,147,88.76123809814453,
57,148,93.77200317382812,
57,149,93.34146118164062,
57,150,106.90341186523438,
57,151,110.6622314453125,
57,152,121.39520263671875,
57,153,123.16545104980469,
57,154,125.43888854980469,
57,155,126.1021499633789,
57,156,128.11366271972656,
57,157,130.48342895507812,
57,158,101.27359008789062,
57,159,101.79550170898438,
57,160,101.99295043945312,103.0
58,1,,
58,2,,
58,3,,
58,4,,
58,5,,
58,6,,
58,7,,
58,8,,
58,9,,
58,10,,
58,11,,
58,12,,
58,13,,
58,14,,
58,15,,
58,16,,
58,17,,
58,18,,
58,19,,
58,20,,
58,21,,
58,22,,
58,23,,
58,24,,
58,25,,
58,26,,
58,27,,
58,28,,
58,29,,
58,30,,
58,31,100.08889770507812,
58,32,93.43211364746094,
58,33,93.58543395996094,
58,34,88.10572814941406,
58,35,86.42393493652344,
58,36,83.34144592285156,
58,37,81.57918548583984,
58,38,83.65837097167969,
58,39,98.21246337890625,
58,40,102.14154052734375,
58,41,106.26815795898438,
58,42,110.65589904785156,
58,43,114.62816619873047,
58,44,115.21537780761719,
58,45,116.70053100585938,
58,46,119.55335998535156,
58,47,120.86787414550781,
58,48,120.90037536621094,
58,49,119.81707763671875,
58,50,120.04456329345703,
58,51,121.30303955078125,
58,52,120.97109985351562,
58,53,120.75402069091797,
58,54,120.99539184570312,
58,55,104.11126708984375,
58,56,99.6678466796875,
58,57,99.46946716308594,
58,58,98.3853759765625,
58,59,98.96829223632812,
58,60,103.06422424316406,
58,61,106.32599639892578,
58,62,107.84612274169922,
58,63,108.51602935791016,
58,64,93.72472381591797,
58,65,97.06302642822266,
58,66,113.4384536743164,
58,67,117.41747283935547,
58,68,119.86520385742188,
58,69,118.94110870361328,
58,70,120.62869262695312,
58,71,123.0452880859375,
58,72,124.92467498779297,
58,73,126.45230102539062,
58,74,126.56986999511719,
58,75,127.03819274902344,
58,76,126.63505554199219,
58,77,117.85173797607422,
58,78,116.89241027832031,
58,79,118.13572692871094,
58,80,117.1412353515625,
58,81,116.65557098388672,
58,82,110.46794128417969,
58,83,108.13920593261719,
58,84,110.8675537109375,
58,85,110.30119323730469,
58,86,103.97025299072266,
58,87,97.37625122070312,
58,88,92.88951873779297,
58,89,98.18557739257812,
58,90,88.64985656738281,
58,91,90.1165771484375,
58,92,89.09800720214844,
58,93,87.1422348022461,
58,94,82.83533477783203,
58,95,79.16880798339844,
58,96,75.14582824707031,
58,97,77.72869110107422,
58,98,83.46570587158203,
58,99,84.7590560913086,
58,100,89.08232116699219,
58,101,88.32615661621094,
58,102,98.22508239746094,
58,103,108.29890441894531,
58,104,112.33218383789062,
58,105,114.72917938232422,
58,106,116.86088562011719,
58,107,117.22947692871094,
58,108,120.14329528808594,
58,109,121.84627532958984,
58,110,124.67291259765625,
58,111,124.9953842163086,
58,112,126.43734741210938,
58,113,127.8687744140625,
58,114,126.22898864746094,
58,115,127.47810363769531,
58,116,116.47286224365234,
58,117,120.05314636230469,
58,118,118.70966339111328,
58,119,119.47907257080078,
58,120,118.92415618896484,
58,121,118.00314331054688,
58,122,116.81358337402344,
58,123,113.76760864257812,
58,124,111.61292266845703,
58,125,106.59449005126953,
58,126,97.21217346191406,
58,127,91.063232421875,
58,128,90.54383850097656,
58,129,95.33831787109375,
58,130,97.57930755615234,
58,131,97.09237670898438,
58,132,104.949462890625,
58,133,115.6160888671875,
58,134,112.80938720703125,
58,135,113.20697021484375,
58,136,113.36808776855469,
58,137,113.14334106445312,
58,138,111.20781707763672,
58,139,113.6611557006836,
58,140,114.5220947265625,
58,141,113.82949829101562,
58,142,110.75506591796875,
58,143,113.04312133789062,
58,144,111.2042236328125,
58,145,110.25265502929688,
58,146,112.40988159179688,
58,147,112.81167602539062,
58,148,113.20538330078125,
58,149,111.63406372070312,
58,150,113.25486755371094,
58,151,110.66058349609375,
58,152,112.01664733886719,
58,153,111.2148208618164,
58,154,115.02255249023438,
58,155,113.86353302001953,
58,156,109.7540054321289,
58,157,111.15255737304688,
58,158,112.10638427734375,
58,159,108.47862243652344,
58,160,108.70852661132812,
58,161,107.42303466796875,
58,162,105.25508117675781,
58,163,108.26461791992188,
58,164,88.92112731933594,
58,165,89.74829864501953,
58,166,88.4132308959961,
58,167,90.24333190917969,
58,168,91.59239196777344,
58,169,90.00518798828125,
58,170,94.83192443847656,
58,171,94.1757583618164,
58,172,102.2391128540039,
58,173,105.11344909667969,
58,174,108.62687683105469,
58,175,107.30372619628906,
58,176,107.10610961914062,37.0
59,1,,
59,2,,
59,3,,
59,4,,
59,5,,
59,6,,
59,7,,
59,8,,
59,9,,
59,10,,
59,11,,
59,12,,
59,13,,
59,14,,
59,15,,
59,16,,
59,17,,
59,18,,
59,19,,
59,20,,
59,21,,
59,22,,
59,23,,
59,24,,
59,25,,
59,26,,
59,27,,
59,28,,
59,29,,
59,30,,
59,31,108.98472595214844,
59,32,104.82698059082031,
59,33,101.28923034667969,
59,34,100.55743408203125,
59,35,101.18338775634766,
59,36,103.95085144042969,
59,37,109.22731018066406,
59,38,102.800537109375,
59,39,107.66677856445312,
59,40,112.07810974121094,
59,41,114.92938232421875,
59,42,116.60858917236328,
59,43,115.73793029785156,
59,44,117.73550415039062,
59,45,115.37577819824219,
59,46,110.10429382324219,
59,47,107.44644165039062,
59,48,107.40966033935547,
59,49,107.60262298583984,
59,50,105.78900146484375,
59,51,100.447998046875,
59,52,98.68948364257812,
59,53,98.65461730957031,
59,54,95.7608642578125,
59,55,94.605712890625,
59,56,94.38076782226562,
59,57,100.48649597167969,
59,58,95.89363861083984,
59,59,93.06416320800781,
59,60,85.83749389648438,
59,61,85.5579833984375,
59,62,86.7316665649414,
59,63,82.98855590820312,
59,64,78.0107192993164,
59,65,82.61980438232422,
59,66,86.60916900634766,
59,67,75.71333312988281,
59,68,84.75819396972656,
59,69,93.48709106445312,
59,70,98.26471710205078,
59,71,100.07872009277344,
59,72,97.5998306274414,
59,73,93.85151672363281,
59,74,97.4681396484375,
59,75,101.21987915039062,
59,76,102.6225357055664,
59,77,88.38929748535156,
59,78,78.40669250488281,
59,79,85.42412567138672,
59,80,89.22412109375,
59,81,96.58648681640625,
59,82,100.46070861816406,
59,83,100.1346435546875,
59,84,109.27645874023438,
59,85,113.0316162109375,
59,86,118.22254180908203,
59,87,122.85389709472656,
59,88,124.32080078125,
59,89,123.91588592529297,
59,90,118.47468566894531,
59,91,112.90007019042969,
59,92,109.05364990234375,
59,93,90.79730224609375,
59,94,86.45531463623047,114.0
60,1,,
60,2,,
60,3,,
60,4,,
60,5,,
60,6,,
60,7,,
60,8,,
60,9,,
60,10,,
60,11,,
60,12,,
60,13,,
60,14,,
60,15,,
60,16,,
60,17,,
60,18,,
60,19,,
60,20,,
60,21,,
60,22,,
60,23,,
60,24,,
60,25,,
60,26,,
60,27,,
60,28,,
60,29,,
60,30,,
60,31,46.84952163696289,
60,32,44.793701171875,
60,33,45.517642974853516,
60,34,41.465431213378906,
60,35,44.43696975708008,
60,36,49.3222770690918,
60,37,53.45433044433594,
60,38,55.2646369934082,
60,39,57.10661697387695,
60,40,48.30953598022461,
60,41,43.1923828125,
60,42,38.8682746887207,
60,43,41.86295700073242,
60,44,39.70949935913086,
60,45,35.22249984741211,
60,46,36.953311920166016,
60,47,33.4782829284668,
60,48,28.966455459594727,
60,49,19.46338653564453,
60,50,14.834637641906738,
60,51,12.658930778503418,
60,52,11.729031562805176,
60,53,11.708574295043945,
60,54,10.670221328735352,
60,55,9.961697578430176,
60,56,9.006560325622559,
60,57,7.666386604309082,
60,58,7.482186794281006,
60,59,7.097253322601318,
60,60,6.359775066375732,
60,61,97.14625549316406,
60,62,98.34332275390625,
60,63,103.3720932006836,
60,64,104.5925521850586,
60,65,111.17677307128906,
60,66,117.13164520263672,
60,67,116.55099487304688,
60,68,119.17015838623047,
60,69,120.52236938476562,
60,70,122.22863006591797,
60,71,122.91731262207031,
60,72,124.2029037475586,
60,73,124.84893035888672,
60,74,126.75643920898438,
60,75,124.59793853759766,
60,76,123.8028335571289,
60,77,124.41168212890625,
60,78,125.13610076904297,
60,79,124.12094116210938,
60,80,123.49163055419922,
60,81,122.84607696533203,
60,82,123.59613037109375,
60,83,121.35665893554688,
60,84,119.01074981689453,
60,85,123.21453857421875,
60,86,122.76251220703125,
60,87,122.29022216796875,
60,88,123.35211944580078,
60,89,124.80392456054688,
60,90,124.89425659179688,
60,91,124.5338134765625,
60,92,124.34574890136719,
60,93,124.85348510742188,
60,94,124.62870788574219,
60,95,125.14632415771484,
60,96,124.85334014892578,
60,97,125.32772827148438,
60,98,124.89517211914062,
60,99,125.5780029296875,
60,100,125.65139770507812,
60,101,127.38786315917969,
60,102,128.1040802001953,
60,103,128.38272094726562,
60,104,127.67643737792969,
60,105,127.86467742919922,
60,106,128.3219757080078,
60,107,127.54353332519531,
60,108,125.24107360839844,
60,109,126.00538635253906,
60,110,124.9176254272461,
60,111,119.62712860107422,
60,112,119.57198333740234,
60,113,121.39390563964844,
60,114,119.73443603515625,
60,115,116.60042572021484,
60,116,118.0589599609375,
60,117,107.59645080566406,
60,118,110.33966064453125,
60,119,110.31472778320312,
60,120,108.20680236816406,
60,121,103.68245697021484,
60,122,100.83081817626953,
60,123,97.24403381347656,
60,124,92.75077056884766,
60,125,86.58672332763672,
60,126,87.80543518066406,
60,127,89.44863891601562,
60,128,90.78898620605469,
60,129,87.49573516845703,
60,130,86.80741882324219,
60,131,89.15723419189453,
60,132,91.40330505371094,
60,133,85.16485595703125,
60,134,85.19554138183594,
60,135,93.61521911621094,
60,136,90.13037109375,
60,137,95.92495727539062,
60,138,105.04460906982422,
60,139,113.62884521484375,
60,140,118.48211669921875,
60,141,121.07015991210938,
60,142,123.00123596191406,
60,143,123.48059844970703,
60,144,124.6964111328125,
60,145,124.9892807006836,
60,146,123.70331573486328,
60,147,122.5255355834961,100.0
61,1,,
61,2,,
61,3,,
61,4,,
61,5,,
61,6,,
61,7,,
61,8,,
61,9,,
61,10,,
61,11,,
61,12,,
61,13,,
61,14,,
61,15,,
61,16,,
61,17,,
61,18,,
61,19,,
61,20,,
61,21,,
61,22,,
61,23,,
61,24,,
61,25,,
61,26,,
61,27,,
61,28,,
61,29,,
61,30,,
61,31,59.77302169799805,
61,32,65.41902923583984,
61,33,63.91271209716797,
61,34,65.66373443603516,
61,35,75.53339385986328,
61,36,82.62850952148438,
61,37,95.34561157226562,
61,38,108.91354370117188,
61,39,113.20553588867188,
61,40,115.05846405029297,
61,41,114.6378173828125,
61,42,114.55442810058594,
61,43,114.04534912109375,
61,44,116.75990295410156,
61,45,116.34272766113281,
61,46,112.40219116210938,
61,47,110.37223052978516,
61,48,107.49307250976562,
61,49,102.46131896972656,
61,50,92.55915069580078,
61,51,80.94009399414062,
61,52,77.3687515258789,
61,53,72.52647399902344,
61,54,61.58880615234375,
61,55,58.8985481262207,
61,56,60.59831619262695,
61,57,55.644710540771484,
61,58,51.732643127441406,
61,59,47.17665481567383,
61,60,44.55447006225586,
61,61,40.9004020690918,
61,62,39.332767486572266,
61,63,124.45850372314453,
61,64,124.52375793457031,
61,65,124.57618713378906,
61,66,123.84555053710938,
61,67,123.20596313476562,
61,68,123.92072296142578,
61,69,123.41047668457031,
61,70,123.28907012939453,
61,71,123.78597259521484,
61,72,123.46668243408203,
61,73,122.85682678222656,
61,74,122.35124206542969,
61,75,122.26388549804688,
61,76,122.82526397705078,
61,77,122.98078155517578,
61,78,123.690185546875,
61,79,124.18549346923828,
61,80,123.32785034179688,
61,81,122.65821838378906,
61,82,124.31523895263672,
61,83,122.51361083984375,
61,84,123.79876708984375,
61,85,124.4703369140625,
61,86,125.53511047363281,
61,87,126.09681701660156,
61,88,125.53852844238281,
61,89,125.47006225585938,
61,90,125.22789764404297,
61,91,125.31287384033203,
61,92,125.03143310546875,
61,93,124.66517639160156,
61,94,124.93954467773438,
61,95,125.54789733886719,
61,96,125.78340148925781,
61,97,126.71224212646484,
61,98,126.03047180175781,
61,99,124.89786529541016,
61,100,124.4228515625,
61,101,123.76353454589844,
61,102,122.885009765625,
61,103,122.83059692382812,
61,104,122.67919921875,
61,105,110.92327880859375,
61,106,106.89077758789062,
61,107,104.33716583251953,
61,108,102.62920379638672,
61,109,101.40353393554688,
61,110,101.18809509277344,
61,111,100.67973327636719,
61,112,99.74880981445312,
61,113,101.16039276123047,
61,114,99.53150177001953,
61,115,101.68580627441406,
61,116,103.44264221191406,
61,117,104.59898376464844,
61,118,100.68832397460938,
61,119,105.82586669921875,
61,120,106.26045227050781,
61,121,107.62884521484375,
61,122,102.49199676513672,
61,123,103.63948059082031,
61,124,101.85157775878906,
61,125,104.01084899902344,
61,126,105.67485046386719,
61,127,108.03154754638672,
61,128,107.14256286621094,
61,129,106.05778503417969,
61,130,100.78250122070312,
61,131,95.75051879882812,
61,132,92.5822982788086,
61,133,92.52043914794922,
61,134,98.77857208251953,
61,135,103.24711608886719,
61,136,107.01313781738281,
61,137,113.55584716796875,
61,138,114.79266357421875,
61,139,112.01722717285156,
61,140,113.31504821777344,
61,141,111.72132873535156,
61,142,110.78898620605469,
61,143,109.876708984375,
61,144,105.3046875,
61,145,104.55879974365234,
61,146,104.28974914550781,
61,147,95.94230651855469,
61,148,94.44407653808594,
61,149,89.85722351074219,
61,150,87.99256134033203,
61,151,89.8994140625,
61,152,88.89987182617188,
61,153,92.75204467773438,
61,154,93.74398803710938,
61,155,95.56771850585938,
61,156,93.31017303466797,
61,157,90.8355712890625,
61,158,91.15512084960938,
61,159,92.3805160522461,21.0
62,1,,
62,2,,
62,3,,
62,4,,
62,5,,
62,6,,
62,7,,
62,8,,
62,9,,
62,10,,
62,11,,
62,12,,
62,13,,
62,14,,
62,15,,
62,16,,
62,17,,
62,18,,
62,19,,
62,20,,
62,21,,
62,22,,
62,23,,
62,24,,
62,25,,
62,26,,
62,27,,
62,28,,
62,29,,
62,30,,
62,31,,
62,32,,
62,33,,
62,34,,
62,35,,
62,36,,
62,37,,
62,38,,
62,39,,
62,40,,
62,41,,
62,42,,
62,43,,
62,44,,
62,45,,
62,46,,
62,47,,
62,48,,
62,49,,
62,50,,
62,51,,
62,52,,
62,53,,
62,54,,
62,55,,
62,56,,
62,57,,
62,58,,
62,59,,
62,60,,
62,61,,
62,62,,
62,63,,
62,64,,
62,65,,
62,66,,
62,67,,
62,68,,
62,69,,
62,70,,
62,71,,
62,72,,
62,73,,
62,74,,
62,75,,
62,76,,
62,77,,
62,78,,
62,79,,
62,80,,
62,81,,
62,82,,
62,83,,
62,84,,
62,85,,
62,86,,
62,87,,
62,88,,
62,89,,
62,90,,
62,91,,
62,92,,
62,93,,
62,94,,
62,95,,
62,96,,
62,97,,
62,98,,
62,99,,
62,100,,
62,101,,
62,102,,
62,103,,
62,104,,
62,105,,
62,106,,
62,107,,
62,108,,
62,109,,
62,110,,
62,111,,
62,112,,
62,113,,
62,114,,
62,115,,
62,116,,
62,117,,
62,118,,
62,119,,
62,120,,
62,121,,
62,122,,
62,123,,
62,124,,
62,125,,
62,126,,
62,127,,
62,128,,
62,129,,
62,130,,
62,131,,
62,132,,
62,133,,
62,134,,
62,135,,
62,136,,
62,137,,
62,138,,
62,139,,
62,140,,
62,141,,
62,142,,
62,143,,
62,144,,
62,145,,
62,146,,
62,147,,
62,148,,
62,149,,
62,150,,
62,151,,
62,152,,
62,153,,
62,154,,
62,155,,
62,156,,
62,157,,
62,158,,
62,159,,
62,160,,
62,161,,
62,162,,
62,163,,
62,164,,
62,165,,
62,166,,
62,167,,
62,168,,
62,169,,
62,170,,
62,171,,
62,172,,
62,173,,
62,174,,
62,175,,
62,176,,
62,177,,
62,178,,
62,179,,
62,180,,
62,181,,
62,182,,
62,183,,
62,184,,
62,185,,
62,186,,
62,187,,
62,188,,
62,189,,
62,190,,
62,191,,
62,192,,
62,193,,
62,194,,
62,195,,
62,196,,
62,197,,
62,198,,
62,199,,
62,200,,
62,201,,
62,202,,
62,203,,
62,204,,
62,205,,
62,206,,
62,207,,
62,208,,
62,209,,
62,210,,
62,211,,
62,212,,
62,213,,
62,214,,
62,215,,
62,216,,
62,217,,
62,218,,
62,219,,
62,220,,
62,221,,
62,222,,
62,223,,
62,224,,
62,225,,
62,226,,
62,227,,
62,228,,
62,229,,
62,230,,
62,231,,
62,232,,54.0
63,1,,
63,2,,
63,3,,
63,4,,
63,5,,
63,6,,
63,7,,
63,8,,
63,9,,
63,10,,
63,11,,
63,12,,
63,13,,
63,14,,
63,15,,
63,16,,
63,17,,
63,18,,
63,19,,
63,20,,
63,21,,
63,22,,
63,23,,
63,24,,
63,25,,
63,26,,
63,27,,
63,28,,
63,29,,
63,30,,
63,31,114.6378173828125,
63,32,114.55442810058594,
63,33,114.04534912109375,
63,34,116.75990295410156,
63,35,116.34272766113281,
63,36,112.40219116210938,
63,37,110.37223052978516,
63,38,107.49307250976562,
63,39,102.46131896972656,
63,40,92.55915069580078,
63,41,80.94009399414062,
63,42,77.3687515258789,
63,43,72.52647399902344,
63,44,61.58880615234375,
63,45,58.8985481262207,
63,46,60.59831619262695,
63,47,55.644710540771484,
63,48,51.732643127441406,
63,49,47.17665481567383,
63,50,44.55447006225586,
63,51,40.9004020690918,
63,52,39.332767486572266,
63,53,124.45850372314453,
63,54,124.52375793457031,
63,55,124.57618713378906,
63,56,123.84555053710938,
63,57,123.20596313476562,
63,58,123.92072296142578,
63,59,123.41047668457031,
63,60,123.28907012939453,
63,61,123.78597259521484,
63,62,123.46668243408203,
63,63,122.85682678222656,
63,64,122.35124206542969,
63,65,122.26388549804688,
63,66,122.82526397705078,
63,67,122.98078155517578,
63,68,123.690185546875,
63,69,124.18549346923828,
63,70,123.32785034179688,
63,71,122.65821838378906,
63,72,124.31523895263672,
63,73,122.51361083984375,
63,74,123.79876708984375,
63,75,124.4703369140625,
63,76,125.53511047363281,
63,77,126.09681701660156,
63,78,125.53852844238281,
63,79,125.47006225585938,
63,80,125.22789764404297,
63,81,125.31287384033203,
63,82,125.03143310546875,
63,83,124.66517639160156,
63,84,124.93954467773438,
63,85,125.54789733886719,
63,86,125.78340148925781,
63,87,126.71224212646484,
63,88,126.03047180175781,
63,89,124.89786529541016,
63,90,124.4228515625,
63,91,123.76353454589844,
63,92,122.885009765625,
63,93,122.83059692382812,
63,94,122.67919921875,
63,95,110.92327880859375,
63,96,106.89077758789062,
63,97,104.33716583251953,
63,98,102.62920379638672,
63,99,101.40353393554688,
63,100,101.18809509277344,
63,101,100.67973327636719,
63,102,99.74880981445312,
63,103,101.16039276123047,
63,104,99.53150177001953,
63,105,101.68580627441406,
63,106,103.44264221191406,
63,107,104.59898376464844,
63,108,100.68832397460938,
63,109,105.82586669921875,
63,110,106.26045227050781,
63,111,107.62884521484375,
63,112,102.49199676513672,
63,113,103.63948059082031,
63,114,101.85157775878906,
63,115,104.01084899902344,
63,116,105.67485046386719,
63,117,108.03154754638672,
63,118,107.14256286621094,
63,119,106.05778503417969,
63,120,100.78250122070312,
63,121,95.75051879882812,
63,122,92.5822982788086,
63,123,92.52043914794922,
63,124,98.77857208251953,
63,125,103.24711608886719,
63,126,107.01313781738281,
63,127,113.55584716796875,
63,128,114.79266357421875,
63,129,112.01722717285156,
63,130,113.31504821777344,
63,131,111.72132873535156,
63,132,110.78898620605469,
63,133,109.876708984375,
63,134,105.3046875,
63,135,104.55879974365234,
63,136,104.28974914550781,
63,137,95.94230651855469,
63,138,94.44407653808594,
63,139,89.85722351074219,
63,140,87.99256134033203,
63,141,89.8994140625,
63,142,88.89987182617188,
63,143,92.75204467773438,
63,144,93.74398803710938,
63,145,95.56771850585938,
63,146,93.31017303466797,
63,147,90.8355712890625,
63,148,91.15512084960938,
63,149,92.3805160522461,
63,150,93.70259094238281,
63,151,98.78952026367188,
63,152,100.7083969116211,
63,153,101.01274108886719,
63,154,102.29824829101562,
63,155,102.36026763916016,72.0
64,1,,
64,2,,
64,3,,
64,4,,
64,5,,
64,6,,
64,7,,
64,8,,
64,9,,
64,10,,
64,11,,
64,12,,
64,13,,
64,14,,
64,15,,
64,16,,
64,17,,
64,18,,
64,19,,
64,20,,
64,21,,
64,22,,
64,23,,
64,24,,
64,25,,
64,26,,
64,27,,
64,28,,
64,29,,
64,30,,
64,31,130.29444885253906,
64,32,132.8634490966797,
64,33,134.5096893310547,
64,34,129.1177978515625,
64,35,129.09071350097656,
64,36,128.9044952392578,
64,37,128.1727294921875,
64,38,127.46563720703125,
64,39,127.8446044921875,
64,40,129.3826446533203,
64,41,128.82740783691406,
64,42,127.59901428222656,
64,43,128.48593139648438,
64,44,124.84455108642578,
64,45,123.864013671875,
64,46,123.15690612792969,
64,47,121.9713363647461,
64,48,122.49299621582031,
64,49,120.73783874511719,
64,50,123.35186767578125,
64,51,124.74995422363281,
64,52,125.8052978515625,
64,53,124.95838928222656,
64,54,125.59263610839844,
64,55,122.19866943359375,
64,56,119.94244384765625,
64,57,120.36898040771484,
64,58,120.9039077758789,
64,59,120.99469757080078,
64,60,120.7237548828125,
64,61,120.86279296875,
64,62,120.66934204101562,
64,63,121.74542999267578,
64,64,122.15950775146484,
64,65,122.60213470458984,
64,66,123.2902603149414,
64,67,123.976806640625,
64,68,126.01453399658203,
64,69,125.98667907714844,
64,70,126.76945495605469,
64,71,128.8314208984375,
64,72,130.492919921875,
64,73,130.1920623779297,
64,74,129.96177673339844,
64,75,129.48483276367188,
64,76,123.60407257080078,
64,77,122.70409393310547,
64,78,123.59986877441406,
64,79,122.86212921142578,
64,80,124.61972045898438,
64,81,125.20911407470703,
64,82,127.62178039550781,
64,83,128.89271545410156,
64,84,128.24945068359375,
64,85,128.06533813476562,
64,86,128.3161163330078,
64,87,132.32000732421875,
64,88,129.62306213378906,
64,89,127.66993713378906,
64,90,128.58253479003906,
64,91,128.5602569580078,
64,92,128.62132263183594,
64,93,127.01203918457031,
64,94,126.84700012207031,
64,95,127.30926513671875,
64,96,126.55667114257812,
64,97,123.031982421875,
64,98,123.0226058959961,
64,99,121.60478973388672,
64,100,123.34291076660156,
64,101,125.7674789428711,
64,102,126.05521392822266,
64,103,127.03742218017578,
64,104,129.08584594726562,
64,105,126.74154663085938,
64,106,123.70475769042969,
64,107,124.08641052246094,
64,108,125.87640380859375,
64,109,125.9756088256836,
64,110,126.103515625,
64,111,126.10226440429688,
64,112,125.8812255859375,
64,113,126.1174545288086,
64,114,122.9158935546875,
64,115,123.03627014160156,
64,116,124.7529296875,
64,117,125.51429748535156,
64,118,126.17180633544922,
64,119,123.5862045288086,
64,120,114.91779327392578,
64,121,116.34382629394531,
64,122,119.54911804199219,
64,123,121.97177124023438,
64,124,124.5556411743164,
64,125,126.33819580078125,
64,126,126.56629180908203,
64,127,128.54258728027344,
64,128,124.87357330322266,
64,129,124.46939849853516,
64,130,126.33966064453125,
64,131,127.33534240722656,
64,132,127.51447296142578,
64,133,127.15734100341797,
64,134,129.6354217529297,
64,135,129.47702026367188,
64,136,129.43746948242188,
64,137,127.56455993652344,
64,138,128.21990966796875,
64,139,121.35913848876953,
64,140,124.33482360839844,
64,141,124.25770568847656,
64,142,124.771728515625,
64,143,124.59042358398438,
64,144,123.43333435058594,
64,145,123.55209350585938,
64,146,120.81454467773438,
64,147,120.53457641601562,
64,148,117.6610107421875,
64,149,117.00885009765625,
64,150,113.59735870361328,
64,151,104.62230682373047,
64,152,103.13516235351562,
64,153,97.38685607910156,
64,154,94.18962097167969,
64,155,87.34779357910156,
64,156,79.88862609863281,
64,157,74.29078674316406,
64,158,73.38768005371094,
64,159,71.99974060058594,
64,160,74.14260864257812,
64,161,75.5506591796875,
64,162,79.11263275146484,
64,163,86.0177993774414,
64,164,82.61851501464844,
64,165,92.76496887207031,
64,166,88.83589935302734,
64,167,90.01957702636719,
64,168,82.33319854736328,28.0
65,1,,
65,2,,
65,3,,
65,4,,
65,5,,
65,6,,
65,7,,
65,8,,
65,9,,
65,10,,
65,11,,
65,12,,
65,13,,
65,14,,
65,15,,
65,16,,
65,17,,
65,18,,
65,19,,
65,20,,
65,21,,
65,22,,
65,23,,
65,24,,
65,25,,
65,26,,
65,27,,
65,28,,
65,29,,
65,30,,
65,31,121.55303955078125,
65,32,120.49227142333984,
65,33,116.88392639160156,
65,34,114.89733123779297,
65,35,112.31988525390625,
65,36,110.91057586669922,
65,37,96.94979858398438,
65,38,101.0005874633789,
65,39,103.06388854980469,
65,40,105.66305541992188,
65,41,111.6808853149414,
65,42,113.84841918945312,
65,43,116.03363037109375,
65,44,118.01025390625,
65,45,119.53793334960938,
65,46,119.58689880371094,
65,47,120.9096908569336,
65,48,122.72245025634766,
65,49,122.20179748535156,
65,50,120.22502136230469,
65,51,118.24467468261719,
65,52,114.18547058105469,
65,53,108.84609985351562,
65,54,102.69416809082031,
65,55,96.52839660644531,
65,56,93.45706176757812,
65,57,91.75544738769531,
65,58,90.33575439453125,
65,59,90.0933609008789,
65,60,81.25572204589844,
65,61,79.24673461914062,
65,62,71.22270202636719,
65,63,68.53935241699219,
65,64,66.02476501464844,
65,65,65.25394439697266,
65,66,61.99573516845703,
65,67,60.990116119384766,
65,68,122.23219299316406,
65,69,121.61697387695312,
65,70,120.68812561035156,
65,71,119.50528717041016,128.0
66,1,,
66,2,,
66,3,,
66,4,,
66,5,,
66,6,,
66,7,,
66,8,,
66,9,,
66,10,,
66,11,,
66,12,,
66,13,,
66,14,,
66,15,,
66,16,,
66,17,,
66,18,,
66,19,,
66,20,,
66,21,,
66,22,,
66,23,,
66,24,,
66,25,,
66,26,,
66,27,,
66,28,,
66,29,,
66,30,,
66,31,34.78502655029297,
66,32,29.999771118164062,
66,33,27.106666564941406,
66,34,26.988540649414062,
66,35,26.242889404296875,
66,36,27.66098403930664,
66,37,28.385223388671875,
66,38,29.576065063476562,
66,39,29.54602813720703,
66,40,27.883712768554688,
66,41,25.91789436340332,
66,42,25.57217025756836,
66,43,25.098186492919922,
66,44,25.556377410888672,
66,45,25.313627243041992,
66,46,25.977176666259766,
66,47,27.03589630126953,
66,48,26.84274673461914,
66,49,25.626937866210938,
66,50,23.879703521728516,
66,51,23.26845932006836,
66,52,23.077091217041016,
66,53,23.707839965820312,
66,54,22.939651489257812,
66,55,21.095359802246094,
66,56,20.553478240966797,
66,57,19.082136154174805,
66,58,16.736417770385742,
66,59,14.91905689239502,
66,60,14.307435035705566,
66,61,13.513443946838379,
66,62,12.921773910522461,
66,63,9.901434898376465,
66,64,8.52318286895752,
66,65,8.24968147277832,
66,66,123.60236358642578,
66,67,121.87206268310547,
66,68,122.13009643554688,
66,69,120.82403564453125,
66,70,120.82894897460938,
66,71,121.143310546875,
66,72,122.01121520996094,
66,73,121.02523040771484,
66,74,117.65873718261719,
66,75,116.75918579101562,
66,76,117.55963134765625,
66,77,117.76612854003906,
66,78,118.91581726074219,
66,79,118.677001953125,
66,80,118.45459747314453,
66,81,118.37753295898438,
66,82,119.13976287841797,
66,83,117.22151947021484,
66,84,116.24188995361328,
66,85,116.83463287353516,
66,86,115.73124694824219,
66,87,115.04667663574219,
66,88,114.5133285522461,
66,89,113.47193145751953,
66,90,115.40739440917969,
66,91,116.21734619140625,
66,92,115.51484680175781,
66,93,114.56863403320312,
66,94,121.19185638427734,
66,95,118.97223663330078,
66,96,119.03901672363281,
66,97,118.72601318359375,
66,98,117.18116760253906,
66,99,113.72708892822266,
66,100,114.67080688476562,
66,101,110.32691955566406,
66,102,106.13011932373047,
66,103,102.3950424194336,
66,104,97.75611877441406,
66,105,103.011962890625,
66,106,103.66812133789062,
66,107,101.08897399902344,
66,108,104.87995147705078,
66,109,103.38691711425781,
66,110,103.39646911621094,
66,111,104.80812072753906,
66,112,103.47823333740234,
66,113,99.93133544921875,
66,114,101.6463851928711,
66,115,101.91667938232422,
66,116,100.27452087402344,
66,117,98.36964416503906,
66,118,96.72817993164062,
66,119,96.66724395751953,
66,120,100.51766967773438,
66,121,103.72734069824219,
66,122,108.67884063720703,
66,123,111.90742492675781,
66,124,110.11111450195312,
66,125,114.81961059570312,
66,126,115.50051879882812,
66,127,116.22537231445312,
66,128,118.46659851074219,
66,129,119.8617172241211,
66,130,120.75651550292969,
66,131,120.12310791015625,
66,132,119.3235092163086,
66,133,121.13420104980469,
66,134,121.52745819091797,
66,135,121.27207946777344,
66,136,120.61067199707031,
66,137,122.49534606933594,
66,138,121.88943481445312,
66,139,121.11231994628906,
66,140,120.83873748779297,
66,141,120.74871826171875,
66,142,118.99357604980469,
66,143,116.16989135742188,
66,144,109.81832885742188,
66,145,109.03302001953125,
66,146,104.93254852294922,
66,147,97.01976776123047,14.0
67,1,,
67,2,,
67,3,,
67,4,,
67,5,,
67,6,,
67,7,,
67,8,,
67,9,,
67,10,,
67,11,,
67,12,,
67,13,,
67,14,,
67,15,,
67,16,,
67,17,,
67,18,,
67,19,,
67,20,,
67,21,,
67,22,,
67,23,,
67,24,,
67,25,,
67,26,,
67,27,,
67,28,,
67,29,,
67,30,,
67,31,125.93858337402344,
67,32,124.24129486083984,
67,33,125.97608947753906,
67,34,127.21725463867188,
67,35,130.10113525390625,
67,36,132.24566650390625,
67,37,132.0120391845703,
67,38,126.7851791381836,
67,39,131.1457061767578,
67,40,131.24180603027344,
67,41,132.91343688964844,
67,42,132.69786071777344,
67,43,133.15679931640625,
67,44,133.91102600097656,
67,45,136.87350463867188,
67,46,133.00608825683594,
67,47,128.29934692382812,
67,48,124.83077239990234,
67,49,124.98211669921875,
67,50,125.76848602294922,
67,51,124.46846008300781,
67,52,124.9910888671875,
67,53,123.08795166015625,
67,54,122.10202026367188,
67,55,123.15464782714844,
67,56,125.61963653564453,
67,57,127.85116577148438,
67,58,131.0533447265625,
67,59,132.21522521972656,
67,60,133.40330505371094,
67,61,132.10276794433594,
67,62,132.2382354736328,
67,63,134.9280242919922,
67,64,133.80357360839844,
67,65,134.59571838378906,
67,66,134.33349609375,
67,67,127.44482421875,
67,68,124.24534606933594,
67,69,123.73672485351562,
67,70,119.47478485107422,
67,71,115.04350280761719,77.0
68,1,,
68,2,,
68,3,,
68,4,,
68,5,,
68,6,,
68,7,,
68,8,,
68,9,,
68,10,,
68,11,,
68,12,,
68,13,,
68,14,,
68,15,,
68,16,,
68,17,,
68,18,,
68,19,,
68,20,,
68,21,,
68,22,,
68,23,,
68,24,,
68,25,,
68,26,,
68,27,,
68,28,,
68,29,,
68,30,,
68,31,,
68,32,,
68,33,,
68,34,,
68,35,,
68,36,,
68,37,,
68,38,,
68,39,,
68,40,,
68,41,,
68,42,,
68,43,,
68,44,,
68,45,,
68,46,,
68,47,,
68,48,,
68,49,,
68,50,,
68,51,,
68,52,,
68,53,,
68,54,,
68,55,,
68,56,,
68,57,,
68,58,,
68,59,,
68,60,,
68,61,,
68,62,,
68,63,,
68,64,,
68,65,,
68,66,,
68,67,,
68,68,,
68,69,,
68,70,,
68,71,,
68,72,,
68,73,,
68,74,,
68,75,,
68,76,,
68,77,,
68,78,,
68,79,,
68,80,,
68,81,,
68,82,,
68,83,,
68,84,,
68,85,,
68,86,,
68,87,,
68,88,,
68,89,,
68,90,,
68,91,,
68,92,,
68,93,,
68,94,,
68,95,,
68,96,,
68,97,,
68,98,,
68,99,,
68,100,,
68,101,,
68,102,,
68,103,,
68,104,,
68,105,,
68,106,,
68,107,,
68,108,,
68,109,,
68,110,,
68,111,,
68,112,,
68,113,,
68,114,,
68,115,,
68,116,,
68,117,,
68,118,,
68,119,,
68,120,,
68,121,,
68,122,,
68,123,,
68,124,,
68,125,,
68,126,,
68,127,,
68,128,,
68,129,,
68,130,,
68,131,,
68,132,,
68,133,,
68,134,,
68,135,,
68,136,,
68,137,,
68,138,,
68,139,,
68,140,,
68,141,,
68,142,,
68,143,,
68,144,,
68,145,,
68,146,,
68,147,,
68,148,,
68,149,,
68,150,,
68,151,,
68,152,,
68,153,,
68,154,,
68,155,,
68,156,,
68,157,,
68,158,,
68,159,,
68,160,,
68,161,,
68,162,,
68,163,,
68,164,,
68,165,,
68,166,,
68,167,,
68,168,,
68,169,,
68,170,,
68,171,,
68,172,,
68,173,,
68,174,,
68,175,,
68,176,,
68,177,,
68,178,,
68,179,,
68,180,,
68,181,,
68,182,,
68,183,,
68,184,,
68,185,,
68,186,,
68,187,,8.0
69,1,,
69,2,,
69,3,,
69,4,,
69,5,,
69,6,,
69,7,,
69,8,,
69,9,,
69,10,,
69,11,,
69,12,,
69,13,,
69,14,,
69,15,,
69,16,,
69,17,,
69,18,,
69,19,,
69,20,,
69,21,,
69,22,,
69,23,,
69,24,,
69,25,,
69,26,,
69,27,,
69,28,,
69,29,,
69,30,,
69,31,125.04352569580078,
69,32,124.80223846435547,
69,33,125.83833312988281,
69,34,124.05082702636719,
69,35,124.93521118164062,
69,36,125.77738189697266,
69,37,125.24440002441406,
69,38,124.80074310302734,
69,39,125.17688751220703,
69,40,125.06117248535156,
69,41,125.1240463256836,
69,42,126.19087219238281,
69,43,125.25141906738281,
69,44,123.34577941894531,
69,45,121.9905776977539,
69,46,120.9446792602539,
69,47,120.00102233886719,
69,48,121.06045532226562,
69,49,120.97852325439453,
69,50,121.84968566894531,
69,51,121.14961242675781,
69,52,120.30907440185547,
69,53,112.14752197265625,
69,54,111.23053741455078,121.0
70,1,,
70,2,,
70,3,,
70,4,,
70,5,,
70,6,,
70,7,,
70,8,,
70,9,,
70,10,,
70,11,,
70,12,,
70,13,,
70,14,,
70,15,,
70,16,,
70,17,,
70,18,,
70,19,,
70,20,,
70,21,,
70,22,,
70,23,,
70,24,,
70,25,,
70,26,,
70,27,,
70,28,,
70,29,,
70,30,,
70,31,91.063232421875,
70,32,90.54383850097656,
70,33,95.33831787109375,
70,34,97.57930755615234,
70,35,97.09237670898438,
70,36,104.949462890625,
70,37,115.6160888671875,
70,38,112.80938720703125,
70,39,113.20697021484375,
70,40,113.36808776855469,
70,41,113.14334106445312,
70,42,111.20781707763672,
70,43,113.6611557006836,
70,44,114.5220947265625,
70,45,113.82949829101562,
70,46,110.75506591796875,
70,47,113.04312133789062,
70,48,111.2042236328125,
70,49,110.25265502929688,
70,50,112.40988159179688,
70,51,112.81167602539062,
70,52,113.20538330078125,
70,53,111.63406372070312,
70,54,113.25486755371094,
70,55,110.66058349609375,
70,56,112.01664733886719,
70,57,111.2148208618164,
70,58,115.02255249023438,
70,59,113.86353302001953,
70,60,109.7540054321289,
70,61,111.15255737304688,
70,62,112.10638427734375,
70,63,108.47862243652344,
70,64,108.70852661132812,
70,65,107.42303466796875,
70,66,105.25508117675781,
70,67,108.26461791992188,
70,68,88.92112731933594,
70,69,89.74829864501953,
70,70,88.4132308959961,
70,71,90.24333190917969,
70,72,91.59239196777344,
70,73,90.00518798828125,
70,74,94.83192443847656,
70,75,94.1757583618164,
70,76,102.2391128540039,
70,77,105.11344909667969,
70,78,108.62687683105469,
70,79,107.30372619628906,
70,80,107.10610961914062,
70,81,107.86593627929688,
70,82,103.13187408447266,
70,83,99.62109375,
70,84,97.60198974609375,
70,85,97.35989379882812,
70,86,95.93013763427734,
70,87,93.84640502929688,
70,88,84.89850616455078,
70,89,69.18196105957031,
70,90,75.23735046386719,
70,91,76.15599060058594,
70,92,77.32952880859375,
70,93,93.15625,
70,94,97.93087768554688,
70,95,101.70992279052734,
70,96,101.49156188964844,
70,97,105.95767974853516,
70,98,108.55778503417969,
70,99,112.68174743652344,
70,100,114.34257507324219,
70,101,122.4932632446289,
70,102,127.64732360839844,
70,103,127.22026062011719,
70,104,129.30857849121094,
70,105,119.71483612060547,
70,106,123.17239379882812,
70,107,124.57623291015625,
70,108,123.0692367553711,
70,109,124.75089263916016,
70,110,122.26277160644531,
70,111,122.09672546386719,
70,112,121.9344711303711,
70,113,121.02974700927734,
70,114,119.6923828125,
70,115,119.79798889160156,
70,116,119.33151245117188,
70,117,120.0109634399414,
70,118,121.27876281738281,
70,119,120.04232788085938,
70,120,119.4085693359375,
70,121,121.03515625,
70,122,121.68915557861328,
70,123,116.91506958007812,
70,124,116.7153091430664,
70,125,115.78614807128906,
70,126,115.25393676757812,
70,127,116.89399719238281,
70,128,117.46415710449219,
70,129,118.61712646484375,
70,130,121.96401977539062,
70,131,118.65614318847656,
70,132,113.30876159667969,
70,133,109.93782806396484,
70,134,102.31282043457031,
70,135,103.33879852294922,
70,136,95.83839416503906,
70,137,90.9775161743164,
70,138,88.81434631347656,
70,139,84.02702331542969,
70,140,79.95294952392578,
70,141,78.2477798461914,
70,142,80.31376647949219,
70,143,78.780029296875,
70,144,74.19960021972656,
70,145,77.58644104003906,
70,146,78.8996810913086,
70,147,77.18820190429688,
70,148,78.60920715332031,
70,149,77.63348388671875,
70,150,79.32371520996094,
70,151,84.4519271850586,
70,152,94.99464416503906,94.0
71,1,,
71,2,,
71,3,,
71,4,,
71,5,,
71,6,,
71,7,,
71,8,,
71,9,,
71,10,,
71,11,,
71,12,,
71,13,,
71,14,,
71,15,,
71,16,,
71,17,,
71,18,,
71,19,,
71,20,,
71,21,,
71,22,,
71,23,,
71,24,,
71,25,,
71,26,,
71,27,,
71,28,,
71,29,,
71,30,,
71,31,60.990116119384766,
71,32,122.23219299316406,
71,33,121.61697387695312,
71,34,120.68812561035156,
71,35,119.50528717041016,
71,36,121.37918853759766,
71,37,122.63003540039062,
71,38,124.224609375,
71,39,126.65699005126953,
71,40,127.83415985107422,
71,41,125.83287048339844,
71,42,126.59346771240234,
71,43,126.53594970703125,
71,44,126.57011413574219,
71,45,126.60308837890625,
71,46,128.724365234375,
71,47,126.88272094726562,
71,48,126.71003723144531,
71,49,125.54438018798828,
71,50,130.0028839111328,
71,51,125.85317993164062,
71,52,125.25765991210938,
71,53,123.18224334716797,
71,54,122.85015106201172,
71,55,123.17994689941406,
71,56,123.6592025756836,
71,57,124.60038757324219,
71,58,124.93008422851562,
71,59,123.45354461669922,
71,60,120.64372253417969,
71,61,120.63441467285156,
71,62,119.19761657714844,
71,63,121.27418518066406,
71,64,120.07730102539062,
71,65,118.76741790771484,
71,66,118.56564331054688,
71,67,118.5751953125,
71,68,118.1712646484375,118.0
72,1,,
72,2,,
72,3,,
72,4,,
72,5,,
72,6,,
72,7,,
72,8,,
72,9,,
72,10,,
72,11,,
72,12,,
72,13,,
72,14,,
72,15,,
72,16,,
72,17,,
72,18,,
72,19,,
72,20,,
72,21,,
72,22,,
72,23,,
72,24,,
72,25,,
72,26,,
72,27,,
72,28,,
72,29,,
72,30,,
72,31,125.7212142944336,
72,32,124.94815063476562,
72,33,123.76017761230469,
72,34,122.4871597290039,
72,35,119.5513687133789,
72,36,118.98101806640625,
72,37,120.18693542480469,
72,38,121.64801788330078,
72,39,114.77206420898438,
72,40,111.83760070800781,
72,41,110.75140380859375,
72,42,98.49870300292969,
72,43,91.14401245117188,
72,44,98.3893814086914,
72,45,95.28546142578125,
72,46,98.77774047851562,
72,47,103.60183715820312,
72,48,106.47091674804688,
72,49,106.94303894042969,
72,50,108.09761047363281,
72,51,109.41873168945312,
72,52,106.60420227050781,
72,53,105.98410034179688,
72,54,107.09651184082031,
72,55,109.67144775390625,
72,56,110.62491607666016,
72,57,115.30058288574219,
72,58,115.955322265625,
72,59,116.39220428466797,
72,60,119.7371826171875,
72,61,121.84342956542969,
72,62,118.36056518554688,
72,63,117.72044372558594,
72,64,115.5087890625,
72,65,115.48980712890625,
72,66,112.22695922851562,
72,67,106.06072998046875,
72,68,101.50809478759766,
72,69,93.10618591308594,
72,70,89.08773803710938,
72,71,88.62901306152344,
72,72,86.48329162597656,
72,73,81.2811050415039,
72,74,75.42192077636719,
72,75,72.97019958496094,
72,76,73.47502136230469,
72,77,72.87419128417969,
72,78,122.8200454711914,
72,79,122.14081573486328,
72,80,122.25090026855469,
72,81,122.85124206542969,
72,82,123.5600814819336,
72,83,124.21736907958984,
72,84,125.06578063964844,
72,85,124.6760482788086,
72,86,124.64669036865234,
72,87,122.874755859375,
72,88,122.81131744384766,
72,89,123.55461883544922,
72,90,123.2854995727539,
72,91,123.14662170410156,
72,92,125.55767059326172,
72,93,125.36721801757812,
72,94,125.71942138671875,
72,95,124.78463745117188,
72,96,124.8261947631836,
72,97,122.74650573730469,
72,98,122.35164642333984,
72,99,123.76271057128906,
72,100,124.33891296386719,
72,101,124.41087341308594,
72,102,123.69889831542969,
72,103,121.50994110107422,
72,104,118.07757568359375,
72,105,116.2835922241211,
72,106,116.56462860107422,
72,107,115.36924743652344,
72,108,114.57875061035156,
72,109,113.56205749511719,
72,110,113.24284362792969,
72,111,114.84246826171875,
72,112,115.05852508544922,
72,113,118.78443908691406,
72,114,120.16410064697266,
72,115,120.3017578125,
72,116,120.62477111816406,
72,117,122.04678344726562,
72,118,122.47665405273438,
72,119,122.45779418945312,
72,120,122.99261474609375,
72,121,123.36248779296875,
72,122,124.08149719238281,
72,123,124.41722106933594,
72,124,124.32861328125,
72,125,123.43299102783203,
72,126,123.64909362792969,
72,127,122.41800689697266,
72,128,120.52582550048828,
72,129,119.41580200195312,
72,130,117.27207946777344,
72,131,117.31169128417969,50.0
73,1,,
73,2,,
73,3,,
73,4,,
73,5,,
73,6,,
73,7,,
73,8,,
73,9,,
73,10,,
73,11,,
73,12,,
73,13,,
73,14,,
73,15,,
73,16,,
73,17,,
73,18,,
73,19,,
73,20,,
73,21,,
73,22,,
73,23,,
73,24,,
73,25,,
73,26,,
73,27,,
73,28,,
73,29,,
73,30,,
73,31,125.59910583496094,
73,32,122.3500747680664,
73,33,117.97488403320312,
73,34,112.10227966308594,
73,35,109.26197814941406,
73,36,104.42378234863281,
73,37,96.17901611328125,
73,38,90.40505981445312,
73,39,88.79719543457031,
73,40,82.77891540527344,
73,41,86.36934661865234,
73,42,88.07160186767578,
73,43,82.72560119628906,
73,44,86.06291198730469,
73,45,83.28964233398438,
73,46,92.69282531738281,
73,47,92.1636962890625,
73,48,100.36979675292969,
73,49,104.21856689453125,
73,50,109.73661804199219,
73,51,118.14257049560547,
73,52,119.12800598144531,
73,53,121.41221618652344,
73,54,122.98652648925781,
73,55,124.70477294921875,
73,56,124.20509338378906,
73,57,123.87664794921875,
73,58,125.02423095703125,
73,59,123.95477294921875,
73,60,120.18575286865234,
73,61,121.10391235351562,
73,62,118.34085083007812,
73,63,115.78848266601562,
73,64,115.90811157226562,
73,65,108.3523178100586,
73,66,102.3558578491211,
73,67,99.84407806396484,
73,68,99.10702514648438,
73,69,103.60986328125,
73,70,107.54684448242188,
73,71,112.32704162597656,
73,72,111.85397338867188,
73,73,114.52149963378906,
73,74,115.32131958007812,
73,75,116.17071533203125,
73,76,116.2186279296875,
73,77,117.45216369628906,
73,78,113.81179809570312,
73,79,112.62651062011719,
73,80,116.80870056152344,
73,81,116.64173126220703,
73,82,117.44206237792969,
73,83,118.53286743164062,
73,84,122.52725982666016,
73,85,118.54493713378906,
73,86,120.23230743408203,
73,87,121.02024841308594,
73,88,121.4448013305664,
73,89,121.88911437988281,
73,90,117.90779113769531,
73,91,120.01986694335938,
73,92,118.84916687011719,
73,93,111.33634948730469,
73,94,104.54989624023438,
73,95,98.91813659667969,
73,96,101.6310043334961,
73,97,96.1637191772461,
73,98,96.26275634765625,
73,99,98.44357299804688,
73,100,94.66449737548828,
73,101,95.47731018066406,
73,102,92.71350860595703,
73,103,93.91252899169922,
73,104,95.52688598632812,
73,105,99.92344665527344,
73,106,101.30718994140625,
73,107,105.50753021240234,
73,108,109.50263977050781,
73,109,113.13961791992188,
73,110,125.57241821289062,
73,111,125.74143981933594,
73,112,124.87600708007812,131.0
74,1,,
74,2,,
74,3,,
74,4,,
74,5,,
74,6,,
74,7,,
74,8,,
74,9,,
74,10,,
74,11,,
74,12,,
74,13,,
74,14,,
74,15,,
74,16,,
74,17,,
74,18,,
74,19,,
74,20,,
74,21,,
74,22,,
74,23,,
74,24,,
74,25,,
74,26,,
74,27,,
74,28,,
74,29,,
74,30,,
74,31,122.885009765625,
74,32,122.83059692382812,
74,33,122.67919921875,
74,34,110.92327880859375,
74,35,106.89077758789062,
74,36,104.33716583251953,
74,37,102.62920379638672,
74,38,101.40353393554688,
74,39,101.18809509277344,
74,40,100.67973327636719,
74,41,99.74880981445312,
74,42,101.16039276123047,
74,43,99.53150177001953,
74,44,101.68580627441406,
74,45,103.44264221191406,
74,46,104.59898376464844,
74,47,100.68832397460938,
74,48,105.82586669921875,
74,49,106.26045227050781,
74,50,107.62884521484375,
74,51,102.49199676513672,
74,52,103.63948059082031,
74,53,101.85157775878906,
74,54,104.01084899902344,
74,55,105.67485046386719,
74,56,108.03154754638672,
74,57,107.14256286621094,
74,58,106.05778503417969,
74,59,100.78250122070312,
74,60,95.75051879882812,
74,61,92.5822982788086,
74,62,92.52043914794922,
74,63,98.77857208251953,
74,64,103.24711608886719,
74,65,107.01313781738281,
74,66,113.55584716796875,
74,67,114.79266357421875,
74,68,112.01722717285156,
74,69,113.31504821777344,
74,70,111.72132873535156,
74,71,110.78898620605469,
74,72,109.876708984375,
74,73,105.3046875,
74,74,104.55879974365234,
74,75,104.28974914550781,
74,76,95.94230651855469,
74,77,94.44407653808594,
74,78,89.85722351074219,
74,79,87.99256134033203,
74,80,89.8994140625,
74,81,88.89987182617188,
74,82,92.75204467773438,
74,83,93.74398803710938,
74,84,95.56771850585938,
74,85,93.31017303466797,
74,86,90.8355712890625,
74,87,91.15512084960938,
74,88,92.3805160522461,
74,89,93.70259094238281,
74,90,98.78952026367188,
74,91,100.7083969116211,
74,92,101.01274108886719,
74,93,102.29824829101562,
74,94,102.36026763916016,
74,95,103.90873718261719,
74,96,104.49006652832031,
74,97,102.92205810546875,
74,98,102.79202270507812,
74,99,101.15558624267578,
74,100,101.52487182617188,
74,101,99.84930419921875,
74,102,97.47821044921875,
74,103,99.01298522949219,
74,104,103.24507904052734,
74,105,123.63389587402344,
74,106,124.61041259765625,
74,107,124.02378845214844,
74,108,123.047607421875,
74,109,124.62718200683594,
74,110,123.83087921142578,
74,111,124.77169036865234,
74,112,125.90937805175781,
74,113,126.33000183105469,
74,114,126.70185089111328,
74,115,127.7749252319336,
74,116,127.069091796875,
74,117,118.94181060791016,
74,118,118.5816650390625,
74,119,117.49737548828125,
74,120,119.65575408935547,
74,121,120.27811431884766,
74,122,120.03031921386719,
74,123,120.43099975585938,
74,124,123.1964340209961,
74,125,124.00270080566406,
74,126,126.47950744628906,
74,127,126.45991516113281,
74,128,127.31615447998047,
74,129,126.59367370605469,
74,130,126.57418060302734,
74,131,127.04014587402344,
74,132,124.62963104248047,
74,133,124.0962142944336,
74,134,122.33662414550781,
74,135,119.7041244506836,
74,136,118.97300720214844,
74,137,118.3482894897461,126.0
75,1,,
75,2,,
75,3,,
75,4,,
75,5,,
75,6,,
75,7,,
75,8,,
75,9,,
75,10,,
75,11,,
75,12,,
75,13,,
75,14,,
75,15,,
75,16,,
75,17,,
75,18,,
75,19,,
75,20,,
75,21,,
75,22,,
75,23,,
75,24,,
75,25,,
75,26,,
75,27,,
75,28,,
75,29,,
75,30,,
75,31,115.55728149414062,
75,32,115.66029357910156,
75,33,117.1431884765625,
75,34,119.19512939453125,
75,35,113.0899887084961,
75,36,113.65158081054688,
75,37,112.10993194580078,
75,38,110.23837280273438,
75,39,114.00486755371094,
75,40,115.24337768554688,
75,41,105.60051727294922,
75,42,109.37201690673828,
75,43,112.28549194335938,
75,44,113.10464477539062,
75,45,117.38228607177734,
75,46,117.91030883789062,
75,47,120.25265502929688,
75,48,120.60198974609375,
75,49,114.76441192626953,
75,50,116.94768524169922,
75,51,113.29469299316406,
75,52,113.60774230957031,
75,53,110.54286193847656,
75,54,115.61271667480469,
75,55,114.78106689453125,
75,56,114.31398010253906,
75,57,106.47203826904297,
75,58,103.7833023071289,
75,59,93.39469909667969,
75,60,91.21463012695312,
75,61,89.0721664428711,
75,62,81.7922592163086,
75,63,78.80032348632812,
75,64,75.17596435546875,
75,65,73.57728576660156,
75,66,74.35344696044922,
75,67,73.53173828125,
75,68,67.41304779052734,
75,69,68.67354583740234,
75,70,67.61917114257812,
75,71,73.0105209350586,
75,72,75.06739044189453,
75,73,69.7313232421875,
75,74,75.5260009765625,
75,75,79.27145385742188,
75,76,86.9925765991211,
75,77,103.59931182861328,
75,78,113.09063720703125,
75,79,118.40911865234375,
75,80,116.82157897949219,
75,81,118.57098388671875,
75,82,119.90702056884766,
75,83,120.15419006347656,
75,84,121.57959747314453,
75,85,122.2763671875,
75,86,120.99977111816406,
75,87,119.81782531738281,
75,88,115.67024230957031,113.0
76,1,,
76,2,,
76,3,,
76,4,,
76,5,,
76,6,,
76,7,,
76,8,,
76,9,,
76,10,,
76,11,,
76,12,,
76,13,,
76,14,,
76,15,,
76,16,,
76,17,,
76,18,,
76,19,,
76,20,,
76,21,,
76,22,,
76,23,,
76,24,,
76,25,,
76,26,,
76,27,,
76,28,,
76,29,,
76,30,,
76,31,,
76,32,,
76,33,,
76,34,,
76,35,,
76,36,,
76,37,,
76,38,,
76,39,,
76,40,,
76,41,,
76,42,,
76,43,,
76,44,,
76,45,,
76,46,,
76,47,,
76,48,,
76,49,,
76,50,,
76,51,,
76,52,,
76,53,,
76,54,,
76,55,,
76,56,,
76,57,,
76,58,,
76,59,,
76,60,,
76,61,,
76,62,,
76,63,,
76,64,,
76,65,,
76,66,,
76,67,,
76,68,,
76,69,,
76,70,,
76,71,,
76,72,,
76,73,,
76,74,,
76,75,,
76,76,,
76,77,,
76,78,,
76,79,,
76,80,,
76,81,,
76,82,,
76,83,,
76,84,,
76,85,,
76,86,,
76,87,,
76,88,,
76,89,,
76,90,,
76,91,,
76,92,,
76,93,,
76,94,,
76,95,,
76,96,,
76,97,,
76,98,,
76,99,,
76,100,,
76,101,,
76,102,,
76,103,,
76,104,,
76,105,,
76,106,,
76,107,,
76,108,,
76,109,,
76,110,,
76,111,,
76,112,,
76,113,,
76,114,,
76,115,,
76,116,,
76,117,,
76,118,,
76,119,,
76,120,,
76,121,,
76,122,,
76,123,,
76,124,,
76,125,,
76,126,,
76,127,,
76,128,,
76,129,,
76,130,,
76,131,,
76,132,,
76,133,,
76,134,,
76,135,,
76,136,,
76,137,,
76,138,,
76,139,,
76,140,,
76,141,,
76,142,,
76,143,,
76,144,,
76,145,,
76,146,,
76,147,,
76,148,,
76,149,,
76,150,,
76,151,,
76,152,,
76,153,,
76,154,,
76,155,,
76,156,,
76,157,,
76,158,,
76,159,,
76,160,,
76,161,,
76,162,,
76,163,,
76,164,,
76,165,,
76,166,,
76,167,,
76,168,,
76,169,,
76,170,,
76,171,,
76,172,,
76,173,,
76,174,,
76,175,,
76,176,,
76,177,,
76,178,,
76,179,,
76,180,,
76,181,,
76,182,,
76,183,,
76,184,,
76,185,,
76,186,,
76,187,,
76,188,,
76,189,,
76,190,,
76,191,,
76,192,,
76,193,,
76,194,,
76,195,,
76,196,,
76,197,,
76,198,,
76,199,,
76,200,,
76,201,,
76,202,,
76,203,,
76,204,,
76,205,,10.0
77,1,,
77,2,,
77,3,,
77,4,,
77,5,,
77,6,,
77,7,,
77,8,,
77,9,,
77,10,,
77,11,,
77,12,,
77,13,,
77,14,,
77,15,,
77,16,,
77,17,,
77,18,,
77,19,,
77,20,,
77,21,,
77,22,,
77,23,,
77,24,,
77,25,,
77,26,,
77,27,,
77,28,,
77,29,,
77,30,,
77,31,83.19253540039062,
77,32,85.21759033203125,
77,33,85.24880981445312,
77,34,86.74308013916016,
77,35,90.06352233886719,
77,36,91.71411895751953,
77,37,95.30915832519531,
77,38,99.29780578613281,
77,39,94.60389709472656,
77,40,96.18403625488281,
77,41,98.84568786621094,
77,42,98.371826171875,
77,43,98.52362060546875,
77,44,96.89006805419922,
77,45,96.46534729003906,
77,46,91.61293029785156,
77,47,90.82484436035156,
77,48,90.91268157958984,
77,49,90.04009246826172,
77,50,85.78846740722656,
77,51,83.44760131835938,
77,52,80.81987762451172,
77,53,73.28836822509766,
77,54,71.81597900390625,
77,55,68.27525329589844,
77,56,65.59991455078125,
77,57,62.96413040161133,
77,58,61.03009033203125,
77,59,58.47937774658203,
77,60,56.61009216308594,
77,61,54.90664291381836,
77,62,53.3776969909668,
77,63,51.5517463684082,
77,64,50.362152099609375,
77,65,47.35711669921875,
77,66,44.51884841918945,
77,67,43.67501449584961,
77,68,42.19808578491211,
77,69,40.92322540283203,
77,70,39.014041900634766,
77,71,39.03031539916992,
77,72,40.0522575378418,
77,73,40.939056396484375,
77,74,41.717952728271484,
77,75,41.25405502319336,
77,76,39.731571197509766,
77,77,37.98275375366211,
77,78,36.251956939697266,
77,79,37.20371627807617,
77,80,37.514896392822266,
77,81,36.00919723510742,
77,82,32.27597427368164,
77,83,30.654586791992188,
77,84,29.74288558959961,
77,85,28.989992141723633,
77,86,29.178504943847656,
77,87,28.592151641845703,
77,88,27.194795608520508,
77,89,25.7072811126709,
77,90,24.647804260253906,
77,91,22.932157516479492,
77,92,20.700761795043945,
77,93,19.419179916381836,
77,94,17.624130249023438,
77,95,,
77,96,,
77,97,,
77,98,,
77,99,,
77,100,,
77,101,,
77,102,,
77,103,,
77,104,,
77,105,,
77,106,,
77,107,,
77,108,,
77,109,,
77,110,,
77,111,,
77,112,,
77,113,,
77,114,,
77,115,,
77,116,,
77,117,,
77,118,,
77,119,,
77,120,,
77,121,,
77,122,,
77,123,,
77,124,,
77,125,,
77,126,,
77,127,,
77,128,,
77,129,,
77,130,,
77,131,,
77,132,,
77,133,,
77,134,,
77,135,,
77,136,,
77,137,,
77,138,,
77,139,,
77,140,,
77,141,,
77,142,,
77,143,,
77,144,,
77,145,,
77,146,,
77,147,,
77,148,,
77,149,,
77,150,,
77,151,,
77,152,,
77,153,,
77,154,,
77,155,,
77,156,,
77,157,,
77,158,,
77,159,,
77,160,,
77,161,,
77,162,,34.0
78,1,,
78,2,,
78,3,,
78,4,,
78,5,,
78,6,,
78,7,,
78,8,,
78,9,,
78,10,,
78,11,,
78,12,,
78,13,,
78,14,,
78,15,,
78,16,,
78,17,,
78,18,,
78,19,,
78,20,,
78,21,,
78,22,,
78,23,,
78,24,,
78,25,,
78,26,,
78,27,,
78,28,,
78,29,,
78,30,,
78,31,18.3911190032959,
78,32,15.939347267150879,
78,33,15.451411247253418,
78,34,13.574944496154785,
78,35,13.761275291442871,
78,36,13.592503547668457,
78,37,15.867602348327637,
78,38,15.078112602233887,
78,39,13.862143516540527,
78,40,11.601688385009766,
78,41,9.596491813659668,
78,42,7.509768009185791,
78,43,6.299732208251953,
78,44,5.64307975769043,
78,45,121.2409439086914,
78,46,120.66234588623047,
78,47,120.44216918945312,
78,48,121.35897064208984,
78,49,122.53255462646484,
78,50,121.37245178222656,
78,51,122.02668762207031,
78,52,121.61326599121094,
78,53,119.57284545898438,
78,54,117.43028259277344,
78,55,105.92366790771484,
78,56,100.10418701171875,
78,57,96.60823822021484,
78,58,96.066162109375,
78,59,93.33887481689453,
78,60,88.72557067871094,
78,61,89.31692504882812,
78,62,82.90830993652344,
78,63,83.95726013183594,
78,64,87.03645324707031,
78,65,85.93565368652344,
78,66,95.90380859375,
78,67,91.97445678710938,
78,68,94.76532745361328,
78,69,99.02640533447266,
78,70,106.8009262084961,
78,71,111.5882339477539,
78,72,111.9488525390625,107.0
79,1,,
79,2,,
79,3,,
79,4,,
79,5,,
79,6,,
79,7,,
79,8,,
79,9,,
79,10,,
79,11,,
79,12,,
79,13,,
79,14,,
79,15,,
79,16,,
79,17,,
79,18,,
79,19,,
79,20,,
79,21,,
79,22,,
79,23,,
79,24,,
79,25,,
79,26,,
79,27,,
79,28,,
79,29,,
79,30,,
79,31,118.6662368774414,
79,32,120.32337188720703,
79,33,122.28657531738281,
79,34,122.85772705078125,
79,35,123.93109893798828,
79,36,126.17692565917969,
79,37,122.95123291015625,
79,38,122.91302490234375,
79,39,122.88177490234375,
79,40,122.43489074707031,
79,41,123.71115112304688,
79,42,123.36295318603516,
79,43,122.86943054199219,
79,44,120.06150817871094,
79,45,119.85469055175781,
79,46,120.99840545654297,
79,47,120.50360107421875,
79,48,124.03431701660156,
79,49,123.62705993652344,
79,50,120.16294860839844,
79,51,123.5862045288086,
79,52,124.2187728881836,
79,53,122.74983215332031,
79,54,121.91327667236328,
79,55,120.91769409179688,
79,56,119.41438293457031,
79,57,121.09298706054688,
79,58,120.75080871582031,
79,59,121.30745697021484,
79,60,120.77562713623047,
79,61,122.6622085571289,
79,62,125.67495727539062,
79,63,124.68506622314453,
79,64,123.55333709716797,
79,65,122.63906860351562,
79,66,121.01129913330078,
79,67,117.77120971679688,
79,68,115.21379089355469,
79,69,114.89019775390625,
79,70,115.68010711669922,
79,71,117.23556518554688,
79,72,116.58180236816406,
79,73,116.41878509521484,
79,74,118.75221252441406,
79,75,118.25384521484375,
79,76,115.95889282226562,
79,77,119.38497924804688,
79,78,117.99053192138672,
79,79,118.9387435913086,
79,80,119.13166046142578,
79,81,118.70148468017578,
79,82,118.71308135986328,
79,83,120.76483154296875,
79,84,121.33415222167969,
79,85,119.5270767211914,
79,86,118.69725799560547,
79,87,119.22528839111328,
79,88,119.252685546875,
79,89,118.75737762451172,
79,90,118.66146850585938,
79,91,117.52302551269531,
79,92,116.73371887207031,
79,93,117.40969848632812,
79,94,113.06134033203125,
79,95,113.82659912109375,
79,96,115.30856323242188,
79,97,118.17034912109375,
79,98,118.47039794921875,
79,99,118.02708435058594,
79,100,119.1745834350586,
79,101,118.49906921386719,63.0
80,1,,
80,2,,
80,3,,
80,4,,
80,5,,
80,6,,
80,7,,
80,8,,
80,9,,
80,10,,
80,11,,
80,12,,
80,13,,
80,14,,
80,15,,
80,16,,
80,17,,
80,18,,
80,19,,
80,20,,
80,21,,
80,22,,
80,23,,
80,24,,
80,25,,
80,26,,
80,27,,
80,28,,
80,29,,
80,30,,
80,31,34.27390670776367,
80,32,34.053123474121094,
80,33,33.19204330444336,
80,34,32.75270462036133,
80,35,30.173723220825195,
80,36,29.25033950805664,
80,37,28.642208099365234,
80,38,26.900108337402344,
80,39,28.261754989624023,
80,40,30.638757705688477,
80,41,31.954227447509766,
80,42,33.40230941772461,
80,43,33.27401351928711,
80,44,33.12669372558594,
80,45,32.33405685424805,
80,46,30.080793380737305,
80,47,28.113475799560547,
80,48,27.40221405029297,
80,49,27.201988220214844,
80,50,22.721172332763672,
80,51,19.036544799804688,
80,52,15.987728118896484,
80,53,14.914315223693848,
80,54,13.76750659942627,
80,55,12.141793251037598,
80,56,10.850473403930664,
80,57,9.506913185119629,
80,58,9.363475799560547,
80,59,9.552118301391602,
80,60,9.181599617004395,
80,61,9.139389991760254,
80,62,8.783448219299316,
80,63,7.955293655395508,
80,64,7.038111209869385,
80,65,122.44853210449219,
80,66,121.09049987792969,
80,67,120.58680725097656,
80,68,121.42513275146484,
80,69,121.91801452636719,
80,70,120.34010314941406,
80,71,119.26456451416016,
80,72,119.81320190429688,
80,73,119.3671646118164,
80,74,121.03228759765625,
80,75,119.9656753540039,
80,76,118.48257446289062,
80,77,118.15135192871094,
80,78,118.99159240722656,
80,79,115.15715789794922,
80,80,115.07589721679688,
80,81,118.75706481933594,
80,82,118.0849609375,
80,83,118.16201782226562,
80,84,117.70692443847656,
80,85,110.0691909790039,
80,86,100.35897827148438,
80,87,98.02166748046875,
80,88,95.61424255371094,
80,89,92.43136596679688,
80,90,91.82095336914062,
80,91,87.10684204101562,
80,92,84.38207244873047,
80,93,81.9337158203125,
80,94,79.85991668701172,
80,95,82.50374603271484,
80,96,85.83531188964844,
80,97,88.83683776855469,
80,98,91.67330932617188,
80,99,94.97167205810547,
80,100,95.29071044921875,
80,101,99.05947875976562,
80,102,101.16535186767578,
80,103,109.31875610351562,
80,104,112.84151458740234,
80,105,116.86192321777344,
80,106,117.36505126953125,
80,107,118.70581817626953,
80,108,118.05094909667969,
80,109,119.598388671875,
80,110,117.63469696044922,
80,111,115.11288452148438,
80,112,114.13639068603516,
80,113,112.46952819824219,
80,114,111.37284851074219,
80,115,104.80863952636719,
80,116,99.40748596191406,
80,117,95.1505126953125,
80,118,90.55287170410156,
80,119,90.1998062133789,
80,120,76.25657653808594,
80,121,78.41156768798828,
80,122,76.849853515625,
80,123,78.68779754638672,
80,124,76.05941009521484,
80,125,82.49765014648438,
80,126,86.76066589355469,
80,127,98.83027648925781,
80,128,106.42074584960938,
80,129,110.98908233642578,
80,130,117.96099853515625,
80,131,121.1244888305664,
80,132,123.60952758789062,
80,133,124.99951934814453,90.0
81,1,,
81,2,,
81,3,,
81,4,,
81,5,,
81,6,,
81,7,,
81,8,,
81,9,,
81,10,,
81,11,,
81,12,,
81,13,,
81,14,,
81,15,,
81,16,,
81,17,,
81,18,,
81,19,,
81,20,,
81,21,,
81,22,,
81,23,,
81,24,,
81,25,,
81,26,,
81,27,,
81,28,,
81,29,,
81,30,,
81,31,,
81,32,,
81,33,,
81,34,,
81,35,,
81,36,,
81,37,,
81,38,,
81,39,,
81,40,,
81,41,,
81,42,,
81,43,,
81,44,,
81,45,,
81,46,,
81,47,,
81,48,,
81,49,,
81,50,,
81,51,,
81,52,,
81,53,,
81,54,,
81,55,,
81,56,,
81,57,,
81,58,,
81,59,,
81,60,,
81,61,,
81,62,,
81,63,,
81,64,,
81,65,,
81,66,,
81,67,,
81,68,,
81,69,,
81,70,,
81,71,,
81,72,,
81,73,,
81,74,,
81,75,,
81,76,,
81,77,,
81,78,,
81,79,,
81,80,,
81,81,,
81,82,,
81,83,,
81,84,,
81,85,,
81,86,,
81,87,,
81,88,,
81,89,,
81,90,,
81,91,,
81,92,,
81,93,,
81,94,,
81,95,,
81,96,,
81,97,,
81,98,,
81,99,,
81,100,,
81,101,,
81,102,,
81,103,,
81,104,,
81,105,,
81,106,,
81,107,,
81,108,,
81,109,,
81,110,,
81,111,,
81,112,,
81,113,,
81,114,,
81,115,,
81,116,,
81,117,,
81,118,,
81,119,,
81,120,,
81,121,,
81,122,,
81,123,,
81,124,,
81,125,,
81,126,,
81,127,,
81,128,,
81,129,,
81,130,,
81,131,,
81,132,,
81,133,,
81,134,,
81,135,,
81,136,,
81,137,,
81,138,,
81,139,,
81,140,,
81,141,,
81,142,,
81,143,,
81,144,,
81,145,,
81,146,,
81,147,,
81,148,,
81,149,,
81,150,,
81,151,,
81,152,,
81,153,,
81,154,,
81,155,,
81,156,,
81,157,,
81,158,,
81,159,,
81,160,,
81,161,,
81,162,,
81,163,,
81,164,,
81,165,,
81,166,,
81,167,,
81,168,,
81,169,,
81,170,,
81,171,,
81,172,,
81,173,,
81,174,,
81,175,,
81,176,,
81,177,,
81,178,,
81,179,,
81,180,,
81,181,,
81,182,,
81,183,,
81,184,,
81,185,,
81,186,,
81,187,,
81,188,,
81,189,,
81,190,,
81,191,,
81,192,,
81,193,,
81,194,,
81,195,,
81,196,,
81,197,,
81,198,,
81,199,,
81,200,,
81,201,,
81,202,,
81,203,,
81,204,,
81,205,,
81,206,,
81,207,,
81,208,,
81,209,,
81,210,,
81,211,,
81,212,,
81,213,,8.0
82,1,,
82,2,,
82,3,,
82,4,,
82,5,,
82,6,,
82,7,,
82,8,,
82,9,,
82,10,,
82,11,,
82,12,,
82,13,,
82,14,,
82,15,,
82,16,,
82,17,,
82,18,,
82,19,,
82,20,,
82,21,,
82,22,,
82,23,,
82,24,,
82,25,,
82,26,,
82,27,,
82,28,,
82,29,,
82,30,,
82,31,,
82,32,,
82,33,,
82,34,,
82,35,,
82,36,,
82,37,,
82,38,,
82,39,,
82,40,,
82,41,,
82,42,,
82,43,,
82,44,,
82,45,,
82,46,,
82,47,,
82,48,,
82,49,,
82,50,,
82,51,,
82,52,,
82,53,,
82,54,,
82,55,,
82,56,,
82,57,,
82,58,,
82,59,,
82,60,,
82,61,,
82,62,,
82,63,,
82,64,,
82,65,,
82,66,,
82,67,,
82,68,,
82,69,,
82,70,,
82,71,,
82,72,,
82,73,,
82,74,,
82,75,,
82,76,,
82,77,,
82,78,,
82,79,,
82,80,,
82,81,,
82,82,,
82,83,,
82,84,,
82,85,,
82,86,,
82,87,,
82,88,,
82,89,,
82,90,,
82,91,,
82,92,,
82,93,,
82,94,,
82,95,,
82,96,,
82,97,,
82,98,,
82,99,,
82,100,,
82,101,,
82,102,,
82,103,,
82,104,,
82,105,,
82,106,,
82,107,,
82,108,,
82,109,,
82,110,,
82,111,,
82,112,,
82,113,,
82,114,,
82,115,,
82,116,,
82,117,,
82,118,,
82,119,,
82,120,,
82,121,,
82,122,,
82,123,,
82,124,,
82,125,,
82,126,,
82,127,,
82,128,,
82,129,,
82,130,,
82,131,,
82,132,,
82,133,,
82,134,,
82,135,,
82,136,,
82,137,,
82,138,,
82,139,,
82,140,,
82,141,,
82,142,,
82,143,,
82,144,,
82,145,,
82,146,,
82,147,,
82,148,,
82,149,,
82,150,,
82,151,,
82,152,,
82,153,,
82,154,,
82,155,,
82,156,,
82,157,,
82,158,,
82,159,,
82,160,,
82,161,,
82,162,,9.0
83,1,,
83,2,,
83,3,,
83,4,,
83,5,,
83,6,,
83,7,,
83,8,,
83,9,,
83,10,,
83,11,,
83,12,,
83,13,,
83,14,,
83,15,,
83,16,,
83,17,,
83,18,,
83,19,,
83,20,,
83,21,,
83,22,,
83,23,,
83,24,,
83,25,,
83,26,,
83,27,,
83,28,,
83,29,,
83,30,,
83,31,125.87376403808594,
83,32,127.02022552490234,
83,33,127.82782745361328,
83,34,126.86636352539062,
83,35,127.49784851074219,
83,36,126.14119720458984,
83,37,127.29711151123047,
83,38,126.56913757324219,
83,39,127.10610961914062,
83,40,127.27278900146484,
83,41,126.95291137695312,
83,42,127.40424346923828,
83,43,127.11429595947266,
83,44,126.77719116210938,
83,45,126.17825317382812,
83,46,126.21315002441406,
83,47,124.5289535522461,
83,48,123.13713836669922,
83,49,120.4808120727539,
83,50,118.61470031738281,
83,51,117.27473449707031,
83,52,116.33393859863281,
83,53,120.2273178100586,
83,54,120.13513946533203,
83,55,118.85269165039062,
83,56,118.45512390136719,
83,57,113.85675811767578,
83,58,113.73753356933594,
83,59,112.0694808959961,
83,60,109.7190170288086,
83,61,108.6932144165039,
83,62,109.2850112915039,
83,63,105.87617492675781,
83,64,101.32408142089844,
83,65,99.03276062011719,
83,66,97.70466613769531,
83,67,92.63859558105469,
83,68,90.87287139892578,
83,69,88.61312103271484,
83,70,87.21998596191406,
83,71,83.37769317626953,
83,72,81.19313049316406,
83,73,80.46757507324219,137.0
84,1,,
84,2,,
84,3,,
84,4,,
84,5,,
84,6,,
84,7,,
84,8,,
84,9,,
84,10,,
84,11,,
84,12,,
84,13,,
84,14,,
84,15,,
84,16,,
84,17,,
84,18,,
84,19,,
84,20,,
84,21,,
84,22,,
84,23,,
84,24,,
84,25,,
84,26,,
84,27,,
84,28,,
84,29,,
84,30,,
84,31,,
84,32,,
84,33,,
84,34,,
84,35,,
84,36,,
84,37,,
84,38,,
84,39,,
84,40,,
84,41,,
84,42,,
84,43,,
84,44,,
84,45,,
84,46,,
84,47,,
84,48,,
84,49,,
84,50,,
84,51,,
84,52,,
84,53,,
84,54,,
84,55,,
84,56,,
84,57,,
84,58,,
84,59,,
84,60,,
84,61,,
84,62,,
84,63,,
84,64,,
84,65,,
84,66,,
84,67,,
84,68,,
84,69,,
84,70,,
84,71,,
84,72,,
84,73,,
84,74,,
84,75,,
84,76,,
84,77,,
84,78,,
84,79,,
84,80,,
84,81,,
84,82,,
84,83,,
84,84,,
84,85,,
84,86,,
84,87,,
84,88,,
84,89,,
84,90,,
84,91,,
84,92,,
84,93,,
84,94,,
84,95,,
84,96,,
84,97,,
84,98,,
84,99,,
84,100,,
84,101,,
84,102,,
84,103,,
84,104,,
84,105,,
84,106,,
84,107,,
84,108,,
84,109,,
84,110,,
84,111,,
84,112,,
84,113,,
84,114,,
84,115,,
84,116,,
84,117,,
84,118,,
84,119,,
84,120,,
84,121,,
84,122,,
84,123,,
84,124,,
84,125,,
84,126,,
84,127,,
84,128,,
84,129,,
84,130,,
84,131,,
84,132,,
84,133,,
84,134,,
84,135,,
84,136,,
84,137,,
84,138,,
84,139,,
84,140,,
84,141,,
84,142,,
84,143,,
84,144,,
84,145,,
84,146,,
84,147,,
84,148,,
84,149,,
84,150,,
84,151,,
84,152,,
84,153,,
84,154,,
84,155,,
84,156,,
84,157,,
84,158,,
84,159,,
84,160,,
84,161,,
84,162,,
84,163,,
84,164,,
84,165,,
84,166,,
84,167,,
84,168,,
84,169,,
84,170,,
84,171,,
84,172,,58.0
85,1,,
85,2,,
85,3,,
85,4,,
85,5,,
85,6,,
85,7,,
85,8,,
85,9,,
85,10,,
85,11,,
85,12,,
85,13,,
85,14,,
85,15,,
85,16,,
85,17,,
85,18,,
85,19,,
85,20,,
85,21,,
85,22,,
85,23,,
85,24,,
85,25,,
85,26,,
85,27,,
85,28,,
85,29,,
85,30,,
85,31,124.51813507080078,
85,32,124.95040893554688,
85,33,126.00856018066406,
85,34,126.08961486816406,118.0
86,1,,
86,2,,
86,3,,
86,4,,
86,5,,
86,6,,
86,7,,
86,8,,
86,9,,
86,10,,
86,11,,
86,12,,
86,13,,
86,14,,
86,15,,
86,16,,
86,17,,
86,18,,
86,19,,
86,20,,
86,21,,
86,22,,
86,23,,
86,24,,
86,25,,
86,26,,
86,27,,
86,28,,
86,29,,
86,30,,
86,31,93.27629089355469,
86,32,97.39696502685547,
86,33,99.89976501464844,
86,34,107.2850112915039,
86,35,110.3311767578125,
86,36,111.16790771484375,
86,37,103.05596923828125,
86,38,90.7054443359375,
86,39,97.00233459472656,
86,40,97.61506652832031,
86,41,99.56838989257812,
86,42,103.14966583251953,
86,43,105.05513000488281,
86,44,108.60768127441406,
86,45,113.20864868164062,
86,46,113.06275939941406,
86,47,111.13362121582031,
86,48,114.590087890625,
86,49,117.42965698242188,
86,50,117.38416290283203,
86,51,117.75072479248047,
86,52,116.07881164550781,
86,53,106.98597717285156,
86,54,108.92538452148438,
86,55,108.10884857177734,
86,56,112.18962097167969,
86,57,111.69273376464844,
86,58,112.61924743652344,
86,59,115.17998504638672,
86,60,119.02897644042969,
86,61,119.2344970703125,
86,62,121.93067932128906,
86,63,121.58975982666016,
86,64,121.76237487792969,
86,65,121.34137725830078,
86,66,123.57804870605469,
86,67,123.7657470703125,
86,68,122.04301452636719,
86,69,119.73481750488281,
86,70,116.48297119140625,
86,71,113.84848022460938,
86,72,111.43267822265625,
86,73,110.0246353149414,
86,74,103.19374084472656,
86,75,100.89152526855469,
86,76,98.8589859008789,
86,77,96.9833984375,
86,78,98.75753021240234,
86,79,98.9133071899414,
86,80,93.95709228515625,
86,81,90.17247009277344,
86,82,90.46416473388672,
86,83,92.50096130371094,
86,84,93.08565521240234,
86,85,96.38655090332031,
86,86,99.02627563476562,
86,87,102.48233032226562,
86,88,110.295654296875,
86,89,110.7223129272461,
86,90,114.20930480957031,
86,91,115.86215209960938,
86,92,117.96745300292969,
86,93,116.55319213867188,
86,94,118.96460723876953,
86,95,120.2508544921875,
86,96,121.15576171875,
86,97,118.75651550292969,
86,98,120.1058120727539,
86,99,119.0299072265625,
86,100,119.2666244506836,
86,101,118.50244140625,
86,102,112.93489837646484,
86,103,110.69253540039062,
86,104,108.72277069091797,
86,105,104.8818588256836,
86,106,103.6356201171875,
86,107,102.68505096435547,
86,108,94.52435302734375,
86,109,89.76791381835938,
86,110,87.78401184082031,89.0
87,1,,
87,2,,
87,3,,
87,4,,
87,5,,
87,6,,
87,7,,
87,8,,
87,9,,
87,10,,
87,11,,
87,12,,
87,13,,
87,14,,
87,15,,
87,16,,
87,17,,
87,18,,
87,19,,
87,20,,
87,21,,
87,22,,
87,23,,
87,24,,
87,25,,
87,26,,
87,27,,
87,28,,
87,29,,
87,30,,
87,31,113.11438751220703,
87,32,114.54254150390625,
87,33,116.91435241699219,
87,34,108.77249908447266,
87,35,111.98873901367188,
87,36,106.91332244873047,
87,37,110.66278839111328,
87,38,116.84284973144531,
87,39,120.38912963867188,
87,40,123.28958129882812,
87,41,123.86124420166016,
87,42,124.34113311767578,
87,43,124.4786376953125,
87,44,124.00918579101562,
87,45,125.22942352294922,
87,46,122.84550476074219,
87,47,125.30726623535156,
87,48,126.16316223144531,
87,49,126.85780334472656,
87,50,127.12459564208984,
87,51,126.94063568115234,
87,52,126.48706817626953,
87,53,125.63569641113281,
87,54,124.30714416503906,
87,55,124.20843505859375,
87,56,123.5374526977539,116.0
88,1,,
88,2,,
88,3,,
88,4,,
88,5,,
88,6,,
88,7,,
88,8,,
88,9,,
88,10,,
88,11,,
88,12,,
88,13,,
88,14,,
88,15,,
88,16,,
88,17,,
88,18,,
88,19,,
88,20,,
88,21,,
88,22,,
88,23,,
88,24,,
88,25,,
88,26,,
88,27,,
88,28,,
88,29,,
88,30,,
88,31,122.94853973388672,
88,32,119.68037414550781,
88,33,117.58930969238281,
88,34,117.1082763671875,
88,35,117.37698364257812,
88,36,117.02230072021484,
88,37,108.8313980102539,
88,38,113.07823181152344,
88,39,113.19900512695312,
88,40,109.45453643798828,
88,41,112.16817474365234,
88,42,106.29843139648438,
88,43,100.30320739746094,
88,44,107.02051544189453,
88,45,109.01591491699219,
88,46,105.07856750488281,
88,47,106.53174591064453,
88,48,108.16007232666016,
88,49,108.66476440429688,
88,50,111.54859924316406,
88,51,109.35828399658203,
88,52,106.57865905761719,
88,53,111.36940002441406,
88,54,114.868408203125,
88,55,114.40693664550781,
88,56,113.67033386230469,
88,57,111.40979766845703,
88,58,115.60499572753906,
88,59,117.10923767089844,
88,60,116.1837158203125,
88,61,117.86367797851562,
88,62,115.27938842773438,
88,63,113.2567367553711,
88,64,104.50577545166016,
88,65,97.60235595703125,
88,66,94.20338439941406,
88,67,98.54583740234375,
88,68,97.7755355834961,115.0
89,1,,
89,2,,
89,3,,
89,4,,
89,5,,
89,6,,
89,7,,
89,8,,
89,9,,
89,10,,
89,11,,
89,12,,
89,13,,
89,14,,
89,15,,
89,16,,
89,17,,
89,18,,
89,19,,
89,20,,
89,21,,
89,22,,
89,23,,
89,24,,
89,25,,
89,26,,
89,27,,
89,28,,
89,29,,
89,30,,
89,31,,
89,32,,
89,33,,
89,34,,
89,35,,
89,36,,
89,37,,
89,38,,
89,39,,
89,40,,
89,41,,
89,42,,
89,43,,
89,44,,
89,45,,
89,46,,
89,47,,
89,48,,
89,49,,
89,50,,
89,51,,
89,52,,
89,53,,
89,54,,
89,55,,
89,56,,
89,57,,
89,58,,
89,59,,
89,60,,
89,61,,
89,62,,
89,63,,
89,64,,
89,65,,
89,66,,
89,67,,
89,68,,
89,69,,
89,70,,
89,71,,
89,72,,
89,73,,
89,74,,
89,75,,
89,76,,
89,77,,
89,78,,
89,79,,
89,80,,
89,81,,
89,82,,
89,83,,
89,84,,
89,85,,
89,86,,
89,87,,
89,88,,
89,89,,
89,90,,
89,91,,
89,92,,
89,93,,
89,94,,
89,95,,
89,96,,
89,97,,
89,98,,
89,99,,
89,100,,
89,101,,
89,102,,
89,103,,
89,104,,
89,105,,
89,106,,
89,107,,
89,108,,
89,109,,
89,110,,
89,111,,
89,112,,
89,113,,
89,114,,
89,115,,
89,116,,
89,117,,
89,118,,
89,119,,
89,120,,
89,121,,
89,122,,
89,123,,
89,124,,
89,125,,
89,126,,
89,127,,
89,128,,
89,129,,
89,130,,
89,131,,
89,132,,
89,133,,
89,134,,
89,135,,
89,136,,
89,137,,
89,138,,
89,139,,
89,140,,
89,141,,
89,142,,
89,143,,
89,144,,
89,145,,
89,146,,
89,147,,
89,148,,
89,149,,
89,150,,
89,151,,
89,152,,
89,153,,
89,154,,
89,155,,
89,156,,
89,157,,
89,158,,
89,159,,
89,160,,
89,161,,
89,162,,
89,163,,
89,164,,
89,165,,
89,166,,
89,167,,
89,168,,
89,169,,
89,170,,
89,171,,
89,172,,
89,173,,
89,174,,
89,175,,
89,176,,
89,177,,136.0
90,1,,
90,2,,
90,3,,
90,4,,
90,5,,
90,6,,
90,7,,
90,8,,
90,9,,
90,10,,
90,11,,
90,12,,
90,13,,
90,14,,
90,15,,
90,16,,
90,17,,
90,18,,
90,19,,
90,20,,
90,21,,
90,22,,
90,23,,
90,24,,
90,25,,
90,26,,
90,27,,
90,28,,
90,29,,
90,30,,
90,31,,
90,32,,
90,33,,
90,34,,
90,35,,
90,36,,
90,37,,
90,38,,
90,39,,
90,40,,
90,41,,
90,42,,
90,43,,
90,44,,
90,45,,
90,46,,
90,47,,
90,48,,
90,49,,
90,50,,
90,51,,
90,52,,
90,53,,
90,54,,
90,55,,
90,56,,
90,57,,
90,58,,
90,59,,
90,60,,
90,61,,
90,62,,
90,63,,
90,64,,
90,65,,
90,66,,
90,67,,
90,68,,
90,69,,
90,70,,
90,71,,
90,72,,
90,73,,
90,74,,
90,75,,
90,76,,
90,77,,
90,78,,
90,79,,
90,80,,
90,81,,
90,82,,
90,83,,
90,84,,
90,85,,
90,86,,
90,87,,
90,88,,
90,89,,
90,90,,
90,91,,
90,92,,
90,93,,
90,94,,
90,95,,
90,96,,
90,97,,
90,98,,
90,99,,
90,100,,
90,101,,
90,102,,
90,103,,
90,104,,
90,105,,
90,106,,
90,107,,
90,108,,
90,109,,
90,110,,
90,111,,
90,112,,
90,113,,
90,114,,
90,115,,
90,116,,
90,117,,
90,118,,
90,119,,
90,120,,
90,121,,
90,122,,
90,123,,
90,124,,
90,125,,
90,126,,
90,127,,
90,128,,
90,129,,
90,130,,
90,131,,
90,132,,
90,133,,
90,134,,
90,135,,
90,136,,
90,137,,
90,138,,
90,139,,
90,140,,
90,141,,
90,142,,
90,143,,
90,144,,
90,145,,
90,146,,28.0
91,1,,
91,2,,
91,3,,
91,4,,
91,5,,
91,6,,
91,7,,
91,8,,
91,9,,
91,10,,
91,11,,
91,12,,
91,13,,
91,14,,
91,15,,
91,16,,
91,17,,
91,18,,
91,19,,
91,20,,
91,21,,
91,22,,
91,23,,
91,24,,
91,25,,
91,26,,
91,27,,
91,28,,
91,29,,
91,30,,
91,31,,
91,32,,
91,33,,
91,34,,
91,35,,
91,36,,
91,37,,
91,38,,
91,39,,
91,40,,
91,41,,
91,42,,
91,43,,
91,44,,
91,45,,
91,46,,
91,47,,
91,48,,
91,49,,
91,50,,
91,51,,
91,52,,
91,53,,
91,54,,
91,55,,
91,56,,
91,57,,
91,58,,
91,59,,
91,60,,
91,61,,
91,62,,
91,63,,
91,64,,
91,65,,
91,66,,
91,67,,
91,68,,
91,69,,
91,70,,
91,71,,
91,72,,
91,73,,
91,74,,
91,75,,
91,76,,
91,77,,
91,78,,
91,79,,
91,80,,
91,81,,
91,82,,
91,83,,
91,84,,
91,85,,
91,86,,
91,87,,
91,88,,
91,89,,
91,90,,
91,91,,
91,92,,
91,93,,
91,94,,
91,95,,
91,96,,
91,97,,
91,98,,
91,99,,
91,100,,
91,101,,
91,102,,
91,103,,
91,104,,
91,105,,
91,106,,
91,107,,
91,108,,
91,109,,
91,110,,
91,111,,
91,112,,
91,113,,
91,114,,
91,115,,
91,116,,
91,117,,
91,118,,
91,119,,
91,120,,
91,121,,
91,122,,
91,123,,
91,124,,
91,125,,
91,126,,
91,127,,
91,128,,
91,129,,
91,130,,
91,131,,
91,132,,
91,133,,
91,134,,
91,135,,
91,136,,
91,137,,
91,138,,
91,139,,
91,140,,
91,141,,
91,142,,
91,143,,
91,144,,
91,145,,
91,146,,
91,147,,
91,148,,
91,149,,
91,150,,
91,151,,
91,152,,
91,153,,
91,154,,
91,155,,
91,156,,
91,157,,
91,158,,
91,159,,
91,160,,
91,161,,
91,162,,
91,163,,
91,164,,
91,165,,
91,166,,
91,167,,
91,168,,
91,169,,
91,170,,
91,171,,
91,172,,
91,173,,
91,174,,
91,175,,
91,176,,
91,177,,
91,178,,
91,179,,
91,180,,
91,181,,
91,182,,
91,183,,
91,184,,
91,185,,
91,186,,
91,187,,
91,188,,
91,189,,
91,190,,
91,191,,
91,192,,
91,193,,
91,194,,
91,195,,
91,196,,
91,197,,
91,198,,
91,199,,
91,200,,
91,201,,
91,202,,
91,203,,
91,204,,
91,205,,
91,206,,
91,207,,
91,208,,
91,209,,
91,210,,
91,211,,
91,212,,
91,213,,
91,214,,
91,215,,
91,216,,
91,217,,
91,218,,
91,219,,
91,220,,
91,221,,
91,222,,
91,223,,
91,224,,
91,225,,
91,226,,
91,227,,
91,228,,
91,229,,
91,230,,
91,231,,
91,232,,
91,233,,
91,234,,38.0
92,1,,
92,2,,
92,3,,
92,4,,
92,5,,
92,6,,
92,7,,
92,8,,
92,9,,
92,10,,
92,11,,
92,12,,
92,13,,
92,14,,
92,15,,
92,16,,
92,17,,
92,18,,
92,19,,
92,20,,
92,21,,
92,22,,
92,23,,
92,24,,
92,25,,
92,26,,
92,27,,
92,28,,
92,29,,
92,30,,
92,31,,
92,32,,
92,33,,
92,34,,
92,35,,
92,36,,
92,37,,
92,38,,
92,39,,
92,40,,
92,41,,
92,42,,
92,43,,
92,44,,
92,45,,
92,46,,
92,47,,
92,48,,
92,49,,
92,50,,
92,51,,
92,52,,
92,53,,
92,54,,
92,55,,
92,56,,
92,57,,
92,58,,
92,59,,
92,60,,
92,61,,
92,62,,
92,63,,
92,64,,
92,65,,
92,66,,
92,67,,
92,68,,
92,69,,
92,70,,
92,71,,
92,72,,
92,73,,
92,74,,
92,75,,
92,76,,
92,77,,
92,78,,
92,79,,
92,80,,
92,81,,
92,82,,
92,83,,
92,84,,
92,85,,
92,86,,
92,87,,
92,88,,
92,89,,
92,90,,
92,91,,
92,92,,
92,93,,
92,94,,
92,95,,
92,96,,
92,97,,
92,98,,
92,99,,
92,100,,
92,101,,
92,102,,
92,103,,
92,104,,
92,105,,
92,106,,
92,107,,
92,108,,
92,109,,
92,110,,
92,111,,
92,112,,
92,113,,
92,114,,
92,115,,
92,116,,
92,117,,
92,118,,
92,119,,
92,120,,
92,121,,
92,122,,
92,123,,
92,124,,
92,125,,
92,126,,
92,127,,
92,128,,
92,129,,
92,130,,
92,131,,
92,132,,
92,133,,
92,134,,
92,135,,
92,136,,
92,137,,
92,138,,
92,139,,
92,140,,
92,141,,
92,142,,
92,143,,
92,144,,
92,145,,
92,146,,
92,147,,
92,148,,
92,149,,
92,150,,20.0
93,1,,
93,2,,
93,3,,
93,4,,
93,5,,
93,6,,
93,7,,
93,8,,
93,9,,
93,10,,
93,11,,
93,12,,
93,13,,
93,14,,
93,15,,
93,16,,
93,17,,
93,18,,
93,19,,
93,20,,
93,21,,
93,22,,
93,23,,
93,24,,
93,25,,
93,26,,
93,27,,
93,28,,
93,29,,
93,30,,
93,31,,
93,32,,
93,33,,
93,34,,
93,35,,
93,36,,
93,37,,
93,38,,
93,39,,
93,40,,
93,41,,
93,42,,
93,43,,
93,44,,
93,45,,
93,46,,
93,47,,
93,48,,
93,49,,
93,50,,
93,51,,
93,52,,
93,53,,
93,54,,
93,55,,
93,56,,
93,57,,
93,58,,
93,59,,
93,60,,
93,61,,
93,62,,
93,63,,
93,64,,
93,65,,
93,66,,
93,67,,
93,68,,
93,69,,
93,70,,
93,71,,
93,72,,
93,73,,
93,74,,
93,75,,
93,76,,
93,77,,
93,78,,
93,79,,
93,80,,
93,81,,
93,82,,
93,83,,
93,84,,
93,85,,
93,86,,
93,87,,
93,88,,
93,89,,
93,90,,
93,91,,
93,92,,
93,93,,
93,94,,
93,95,,
93,96,,
93,97,,
93,98,,
93,99,,
93,100,,
93,101,,
93,102,,
93,103,,
93,104,,
93,105,,
93,106,,
93,107,,
93,108,,
93,109,,
93,110,,
93,111,,
93,112,,
93,113,,
93,114,,
93,115,,
93,116,,
93,117,,
93,118,,
93,119,,
93,120,,
93,121,,
93,122,,
93,123,,
93,124,,
93,125,,
93,126,,
93,127,,
93,128,,
93,129,,
93,130,,
93,131,,
93,132,,
93,133,,
93,134,,
93,135,,
93,136,,
93,137,,
93,138,,
93,139,,
93,140,,
93,141,,
93,142,,
93,143,,
93,144,,
93,145,,
93,146,,
93,147,,
93,148,,
93,149,,
93,150,,
93,151,,
93,152,,
93,153,,
93,154,,
93,155,,
93,156,,
93,157,,
93,158,,
93,159,,
93,160,,
93,161,,
93,162,,
93,163,,
93,164,,
93,165,,
93,166,,
93,167,,
93,168,,
93,169,,
93,170,,
93,171,,
93,172,,
93,173,,
93,174,,
93,175,,
93,176,,
93,177,,
93,178,,
93,179,,
93,180,,
93,181,,
93,182,,
93,183,,
93,184,,
93,185,,
93,186,,
93,187,,
93,188,,
93,189,,
93,190,,
93,191,,
93,192,,
93,193,,
93,194,,
93,195,,
93,196,,
93,197,,
93,198,,
93,199,,
93,200,,
93,201,,
93,202,,
93,203,,
93,204,,
93,205,,
93,206,,
93,207,,
93,208,,
93,209,,
93,210,,
93,211,,
93,212,,
93,213,,
93,214,,
93,215,,
93,216,,
93,217,,
93,218,,
93,219,,
93,220,,
93,221,,
93,222,,
93,223,,
93,224,,
93,225,,
93,226,,
93,227,,
93,228,,
93,229,,
93,230,,
93,231,,
93,232,,
93,233,,
93,234,,
93,235,,
93,236,,
93,237,,
93,238,,
93,239,,
93,240,,
93,241,,
93,242,,
93,243,,
93,244,,85.0
94,1,,
94,2,,
94,3,,
94,4,,
94,5,,
94,6,,
94,7,,
94,8,,
94,9,,
94,10,,
94,11,,
94,12,,
94,13,,
94,14,,
94,15,,
94,16,,
94,17,,
94,18,,
94,19,,
94,20,,
94,21,,
94,22,,
94,23,,
94,24,,
94,25,,
94,26,,
94,27,,
94,28,,
94,29,,
94,30,,
94,31,101.0548095703125,
94,32,100.95289611816406,
94,33,101.34312438964844,
94,34,100.30020141601562,
94,35,99.19438934326172,
94,36,103.65168762207031,
94,37,102.75188446044922,
94,38,108.51992797851562,
94,39,112.492431640625,
94,40,111.42326354980469,
94,41,111.59697723388672,
94,42,112.34943389892578,
94,43,112.58340454101562,
94,44,114.24968719482422,
94,45,114.46299743652344,
94,46,117.94329833984375,
94,47,117.5401611328125,
94,48,116.76165771484375,
94,49,116.73780822753906,
94,50,114.47207641601562,
94,51,124.75857543945312,
94,52,125.19049072265625,
94,53,123.56233215332031,
94,54,121.57130432128906,
94,55,120.68052673339844,
94,56,121.47207641601562,
94,57,121.02030181884766,
94,58,121.34400177001953,
94,59,121.64079284667969,
94,60,120.94318389892578,
94,61,121.8931884765625,
94,62,122.99674987792969,
94,63,123.98257446289062,
94,64,124.09848022460938,
94,65,125.16153717041016,
94,66,125.73421478271484,
94,67,125.69569396972656,
94,68,127.29582214355469,
94,69,126.70451354980469,
94,70,126.64608764648438,
94,71,126.3426513671875,
94,72,127.5484619140625,
94,73,127.50076293945312,
94,74,127.51042175292969,
94,75,127.92515563964844,
94,76,126.77371978759766,
94,77,126.75419616699219,
94,78,126.34623718261719,
94,79,126.1935043334961,
94,80,126.01480865478516,
94,81,123.7862777709961,
94,82,123.0924301147461,
94,83,122.77851104736328,
94,84,122.9464340209961,
94,85,122.8817367553711,
94,86,124.22416687011719,
94,87,124.79171752929688,
94,88,125.06584930419922,
94,89,125.44644165039062,
94,90,125.82633209228516,
94,91,126.61856842041016,
94,92,127.08050537109375,
94,93,125.98499298095703,
94,94,125.06076049804688,
94,95,125.39972686767578,
94,96,124.81542205810547,
94,97,124.34896087646484,
94,98,124.39824676513672,
94,99,124.89598846435547,
94,100,125.10154724121094,
94,101,125.10955810546875,
94,102,125.21949768066406,
94,103,124.731201171875,
94,104,122.71798706054688,
94,105,123.41316986083984,
94,106,123.93834686279297,
94,107,123.53619384765625,
94,108,122.21491241455078,
94,109,120.64878845214844,
94,110,120.548583984375,
94,111,120.87258911132812,
94,112,119.80492401123047,
94,113,118.1546630859375,
94,114,117.19985961914062,
94,115,116.33696746826172,
94,116,118.02290344238281,
94,117,116.0883560180664,
94,118,120.77289581298828,
94,119,120.42193603515625,
94,120,120.75236511230469,
94,121,121.03155517578125,
94,122,120.67384338378906,
94,123,120.68938446044922,
94,124,122.0135498046875,
94,125,122.18896484375,
94,126,122.64178466796875,
94,127,123.70648193359375,
94,128,125.23722839355469,
94,129,123.4532470703125,
94,130,123.21424102783203,
94,131,124.45381927490234,
94,132,125.13238525390625,
94,133,125.7028579711914,55.0
95,1,,
95,2,,
95,3,,
95,4,,
95,5,,
95,6,,
95,7,,
95,8,,
95,9,,
95,10,,
95,11,,
95,12,,
95,13,,
95,14,,
95,15,,
95,16,,
95,17,,
95,18,,
95,19,,
95,20,,
95,21,,
95,22,,
95,23,,
95,24,,
95,25,,
95,26,,
95,27,,
95,28,,
95,29,,
95,30,,
95,31,122.88177490234375,
95,32,122.43489074707031,
95,33,123.71115112304688,
95,34,123.36295318603516,
95,35,122.86943054199219,
95,36,120.06150817871094,
95,37,119.85469055175781,
95,38,120.99840545654297,
95,39,120.50360107421875,
95,40,124.03431701660156,
95,41,123.62705993652344,
95,42,120.16294860839844,
95,43,123.5862045288086,
95,44,124.2187728881836,
95,45,122.74983215332031,
95,46,121.91327667236328,
95,47,120.91769409179688,
95,48,119.41438293457031,
95,49,121.09298706054688,
95,50,120.75080871582031,
95,51,121.30745697021484,
95,52,120.77562713623047,
95,53,122.6622085571289,
95,54,125.67495727539062,
95,55,124.68506622314453,
95,56,123.55333709716797,
95,57,122.63906860351562,
95,58,121.01129913330078,
95,59,117.77120971679688,
95,60,115.21379089355469,
95,61,114.89019775390625,
95,62,115.68010711669922,
95,63,117.23556518554688,
95,64,116.58180236816406,
95,65,116.41878509521484,
95,66,118.75221252441406,
95,67,118.25384521484375,
95,68,115.95889282226562,
95,69,119.38497924804688,
95,70,117.99053192138672,
95,71,118.9387435913086,
95,72,119.13166046142578,
95,73,118.70148468017578,
95,74,118.71308135986328,
95,75,120.76483154296875,
95,76,121.33415222167969,
95,77,119.5270767211914,
95,78,118.69725799560547,
95,79,119.22528839111328,
95,80,119.252685546875,
95,81,118.75737762451172,
95,82,118.66146850585938,
95,83,117.52302551269531,
95,84,116.73371887207031,
95,85,117.40969848632812,
95,86,113.06134033203125,
95,87,113.82659912109375,
95,88,115.30856323242188,
95,89,118.17034912109375,128.0
96,1,,
96,2,,
96,3,,
96,4,,
96,5,,
96,6,,
96,7,,
96,8,,
96,9,,
96,10,,
96,11,,
96,12,,
96,13,,
96,14,,
96,15,,
96,16,,
96,17,,
96,18,,
96,19,,
96,20,,
96,21,,
96,22,,
96,23,,
96,24,,
96,25,,
96,26,,
96,27,,
96,28,,
96,29,,
96,30,,
96,31,115.12999725341797,
96,32,112.44328308105469,
96,33,108.58290100097656,
96,34,106.13916015625,
96,35,109.30616760253906,
96,36,101.8342514038086,
96,37,101.74427795410156,
96,38,104.26438903808594,
96,39,106.38455200195312,
96,40,108.8614501953125,
96,41,110.3565673828125,
96,42,105.11476135253906,
96,43,110.4016342163086,
96,44,111.75177764892578,
96,45,114.36036682128906,
96,46,117.42752075195312,
96,47,117.19001770019531,
96,48,118.31074523925781,
96,49,118.02919006347656,
96,50,116.07342529296875,
96,51,116.8533706665039,
96,52,118.46688079833984,
96,53,119.52482604980469,
96,54,120.40092468261719,
96,55,119.72439575195312,
96,56,120.12913513183594,
96,57,117.29600524902344,
96,58,114.71285247802734,
96,59,113.53968811035156,
96,60,111.57575225830078,
96,61,114.71643829345703,
96,62,119.94891357421875,
96,63,119.9876708984375,
96,64,118.86085510253906,
96,65,120.18663024902344,
96,66,119.6307373046875,
96,67,120.7320785522461,
96,68,122.65880584716797,
96,69,120.08346557617188,
96,70,122.49087524414062,
96,71,121.49015808105469,
96,72,123.10504150390625,
96,73,125.0573959350586,
96,74,123.25792694091797,
96,75,117.88371276855469,
96,76,114.46043395996094,
96,77,116.39315795898438,
96,78,117.70770263671875,
96,79,115.19978332519531,
96,80,113.953369140625,
96,81,109.55668640136719,
96,82,108.32074737548828,
96,83,107.18994140625,
96,84,104.98037719726562,
96,85,105.10836791992188,
96,86,105.98369598388672,
96,87,109.93534851074219,
96,88,109.14168548583984,
96,89,111.79574584960938,
96,90,109.91726684570312,
96,91,104.76661682128906,
96,92,99.42070007324219,
96,93,98.18524932861328,
96,94,96.29090118408203,
96,95,93.70753479003906,
96,96,93.775634765625,
96,97,77.09832763671875,137.0
97,1,,
97,2,,
97,3,,
97,4,,
97,5,,
97,6,,
97,7,,
97,8,,
97,9,,
97,10,,
97,11,,
97,12,,
97,13,,
97,14,,
97,15,,
97,16,,
97,17,,
97,18,,
97,19,,
97,20,,
97,21,,
97,22,,
97,23,,
97,24,,
97,25,,
97,26,,
97,27,,
97,28,,
97,29,,
97,30,,
97,31,126.68598937988281,
97,32,125.82303619384766,
97,33,125.87727355957031,
97,34,125.76713562011719,
97,35,124.80078125,
97,36,125.79086303710938,
97,37,125.59233856201172,
97,38,124.92325592041016,
97,39,124.66724395751953,
97,40,121.54486083984375,
97,41,118.9737548828125,
97,42,116.64994049072266,
97,43,113.75316619873047,
97,44,113.65225219726562,
97,45,115.90460205078125,
97,46,118.31736755371094,
97,47,120.30198669433594,
97,48,122.80818176269531,
97,49,124.84860229492188,
97,50,124.01314544677734,
97,51,124.83295440673828,
97,52,124.6007308959961,
97,53,124.96148681640625,
97,54,125.38191223144531,
97,55,126.45304870605469,
97,56,124.51930236816406,
97,57,124.86314392089844,
97,58,124.10771179199219,
97,59,123.19059753417969,
97,60,123.87359619140625,
97,61,123.48712921142578,
97,62,122.17459106445312,
97,63,121.21279907226562,
97,64,120.64964294433594,
97,65,120.42960357666016,
97,66,120.21261596679688,
97,67,121.45069122314453,
97,68,117.31925201416016,
97,69,115.17753601074219,
97,70,109.78153991699219,
97,71,104.90736389160156,
97,72,99.38052368164062,
97,73,95.60662841796875,
97,74,93.39065551757812,
97,75,91.95417022705078,
97,76,88.54318237304688,
97,77,84.58087921142578,
97,78,82.55226135253906,
97,79,83.19253540039062,
97,80,85.21759033203125,
97,81,85.24880981445312,
97,82,86.74308013916016,
97,83,90.06352233886719,
97,84,91.71411895751953,
97,85,95.30915832519531,
97,86,99.29780578613281,
97,87,94.60389709472656,
97,88,96.18403625488281,
97,89,98.84568786621094,
97,90,98.371826171875,
97,91,98.52362060546875,
97,92,96.89006805419922,
97,93,96.46534729003906,
97,94,91.61293029785156,
97,95,90.82484436035156,
97,96,90.91268157958984,
97,97,90.04009246826172,
97,98,85.78846740722656,
97,99,83.44760131835938,
97,100,80.81987762451172,
97,101,73.28836822509766,
97,102,71.81597900390625,
97,103,68.27525329589844,
97,104,65.59991455078125,
97,105,62.96413040161133,
97,106,61.03009033203125,
97,107,58.47937774658203,
97,108,56.61009216308594,
97,109,54.90664291381836,
97,110,53.3776969909668,
97,111,51.5517463684082,
97,112,50.362152099609375,
97,113,47.35711669921875,
97,114,44.51884841918945,
97,115,43.67501449584961,
97,116,42.19808578491211,
97,117,40.92322540283203,
97,118,39.014041900634766,
97,119,39.03031539916992,
97,120,40.0522575378418,
97,121,40.939056396484375,
97,122,41.717952728271484,
97,123,41.25405502319336,
97,124,39.731571197509766,
97,125,37.98275375366211,
97,126,36.251956939697266,
97,127,37.20371627807617,
97,128,37.514896392822266,
97,129,36.00919723510742,
97,130,32.27597427368164,
97,131,30.654586791992188,
97,132,29.74288558959961,
97,133,28.989992141723633,
97,134,29.178504943847656,82.0
98,1,,
98,2,,
98,3,,
98,4,,
98,5,,
98,6,,
98,7,,
98,8,,
98,9,,
98,10,,
98,11,,
98,12,,
98,13,,
98,14,,
98,15,,
98,16,,
98,17,,
98,18,,
98,19,,
98,20,,
98,21,,
98,22,,
98,23,,
98,24,,
98,25,,
98,26,,
98,27,,
98,28,,
98,29,,
98,30,,
98,31,82.61851501464844,
98,32,92.76496887207031,
98,33,88.83589935302734,
98,34,90.01957702636719,
98,35,82.33319854736328,
98,36,89.56844329833984,
98,37,107.42387390136719,
98,38,110.76902770996094,
98,39,113.46800994873047,
98,40,111.8487548828125,
98,41,107.20254516601562,
98,42,99.65180969238281,
98,43,97.2720947265625,
98,44,93.47010040283203,
98,45,90.87975311279297,
98,46,85.85884094238281,
98,47,84.43707275390625,
98,48,79.15176391601562,
98,49,78.23933410644531,
98,50,73.1395492553711,
98,51,68.56869506835938,
98,52,71.01963806152344,
98,53,71.70838165283203,
98,54,80.1714859008789,
98,55,84.50009155273438,
98,56,92.636474609375,
98,57,100.84800720214844,
98,58,108.2535171508789,
98,59,111.14216613769531,
98,60,113.17156219482422,
98,61,114.00975036621094,
98,62,117.12728881835938,
98,63,116.52134704589844,
98,64,116.6480484008789,
98,65,115.42486572265625,
98,66,112.29810333251953,
98,67,115.10543823242188,
98,68,116.71441650390625,
98,69,117.24305725097656,
98,70,113.96580505371094,
98,71,109.5616226196289,
98,72,102.13070678710938,
98,73,98.10139465332031,
98,74,100.45695495605469,
98,75,96.31434631347656,
98,76,98.83076477050781,
98,77,98.11314392089844,
98,78,99.42610168457031,
98,79,95.92097473144531,
98,80,92.96852111816406,
98,81,79.21090698242188,
98,82,72.04989624023438,
98,83,68.03668212890625,
98,84,60.624454498291016,
98,85,53.6063117980957,
98,86,48.19382858276367,
98,87,47.407135009765625,
98,88,48.586002349853516,
98,89,44.42154312133789,
98,90,42.901004791259766,
98,91,40.72662353515625,
98,92,38.33012771606445,
98,93,37.55916213989258,
98,94,39.007198333740234,
98,95,39.06489181518555,
98,96,39.73871994018555,
98,97,38.10169219970703,
98,98,35.03793716430664,
98,99,35.36112594604492,
98,100,35.942230224609375,
98,101,35.90333938598633,
98,102,35.555355072021484,
98,103,117.07704162597656,
98,104,116.37179565429688,
98,105,114.07078552246094,
98,106,114.75697326660156,
98,107,117.13059997558594,
98,108,118.29303741455078,
98,109,120.60017395019531,
98,110,120.4563980102539,
98,111,120.65523529052734,
98,112,121.48938751220703,
98,113,121.58470153808594,
98,114,119.85293579101562,
98,115,123.2548599243164,
98,116,125.47285461425781,
98,117,126.16668701171875,
98,118,127.15570831298828,
98,119,128.9481201171875,
98,120,122.33631134033203,
98,121,123.04429626464844,59.0
99,1,,
99,2,,
99,3,,
99,4,,
99,5,,
99,6,,
99,7,,
99,8,,
99,9,,
99,10,,
99,11,,
99,12,,
99,13,,
99,14,,
99,15,,
99,16,,
99,17,,
99,18,,
99,19,,
99,20,,
99,21,,
99,22,,
99,23,,
99,24,,
99,25,,
99,26,,
99,27,,
99,28,,
99,29,,
99,30,,
99,31,84.68220520019531,
99,32,71.89591979980469,
99,33,64.51074981689453,
99,34,55.488277435302734,
99,35,48.60331344604492,
99,36,42.85879135131836,
99,37,33.91404724121094,
99,38,27.430938720703125,
99,39,23.665632247924805,
99,40,21.431686401367188,
99,41,20.248931884765625,
99,42,125.09525299072266,
99,43,124.47052764892578,
99,44,124.86235046386719,
99,45,125.27131652832031,
99,46,125.31230926513672,
99,47,125.4402084350586,
99,48,126.34164428710938,
99,49,127.28953552246094,
99,50,126.70466613769531,
99,51,127.69586181640625,
99,52,126.59718322753906,
99,53,125.63470458984375,
99,54,124.28889465332031,
99,55,123.09677124023438,
99,56,122.7281494140625,
99,57,123.36747741699219,
99,58,123.59873962402344,
99,59,124.19105529785156,
99,60,123.92765045166016,
99,61,124.56027221679688,
99,62,125.2415542602539,
99,63,125.08821868896484,
99,64,124.032470703125,
99,65,122.89373779296875,
99,66,122.85413360595703,
99,67,121.88580322265625,
99,68,122.44587707519531,
99,69,123.44935607910156,
99,70,122.087158203125,
99,71,121.29179382324219,
99,72,121.71487426757812,
99,73,121.94267272949219,
99,74,122.2042236328125,
99,75,123.41556549072266,
99,76,123.0992660522461,
99,77,122.74693298339844,
99,78,121.3211898803711,
99,79,118.61721801757812,
99,80,119.63232421875,
99,81,119.65875244140625,
99,82,120.72496795654297,
99,83,123.32169342041016,
99,84,124.48675537109375,
99,85,121.26948547363281,
99,86,120.29725646972656,
99,87,117.85064697265625,
99,88,120.56657409667969,
99,89,120.08700561523438,
99,90,121.60820007324219,
99,91,122.24339294433594,
99,92,124.41400146484375,
99,93,120.71688842773438,
99,94,123.39697265625,
99,95,124.33746337890625,
99,96,124.86073303222656,
99,97,126.010498046875,117.0
100,1,,
100,2,,
100,3,,
100,4,,
100,5,,
100,6,,
100,7,,
100,8,,
100,9,,
100,10,,
100,11,,
100,12,,
100,13,,
100,14,,
100,15,,
100,16,,
100,17,,
100,18,,
100,19,,
100,20,,
100,21,,
100,22,,
100,23,,
100,24,,
100,25,,
100,26,,
100,27,,
100,28,,
100,29,,
100,30,,
100,31,,
100,32,,
100,33,,
100,34,,
100,35,,
100,36,,
100,37,,
100,38,,
100,39,,
100,40,,
100,41,,
100,42,,
100,43,,
100,44,,
100,45,,
100,46,,
100,47,,
100,48,,
100,49,,
100,50,,
100,51,,
100,52,,
100,53,,
100,54,,
100,55,,
100,56,,
100,57,,
100,58,,
100,59,,
100,60,,
100,61,,
100,62,,
100,63,,
100,64,,
100,65,,
100,66,,
100,67,,
100,68,,
100,69,,
100,70,,
100,71,,
100,72,,
100,73,,
100,74,,
100,75,,
100,76,,
100,77,,
100,78,,
100,79,,
100,80,,
100,81,,
100,82,,
100,83,,
100,84,,
100,85,,
100,86,,
100,87,,
100,88,,
100,89,,
100,90,,
100,91,,
100,92,,
100,93,,
100,94,,
100,95,,
100,96,,
100,97,,
100,98,,
100,99,,
100,100,,
100,101,,
100,102,,
100,103,,
100,104,,
100,105,,
100,106,,
100,107,,
100,108,,
100,109,,
100,110,,
100,111,,
100,112,,
100,113,,
100,114,,
100,115,,
100,116,,
100,117,,
100,118,,
100,119,,
100,120,,
100,121,,
100,122,,
100,123,,
100,124,,
100,125,,
100,126,,
100,127,,
100,128,,
100,129,,
100,130,,
100,131,,
100,132,,
100,133,,
100,134,,
100,135,,
100,136,,
100,137,,
100,138,,
100,139,,
100,140,,
100,141,,
100,142,,
100,143,,
100,144,,
100,145,,
100,146,,
100,147,,
100,148,,
100,149,,
100,150,,
100,151,,
100,152,,
100,153,,
100,154,,
100,155,,
100,156,,
100,157,,
100,158,,
100,159,,
100,160,,
100,161,,
100,162,,
100,163,,
100,164,,
100,165,,
100,166,,
100,167,,
100,168,,
100,169,,
100,170,,
100,171,,
100,172,,
100,173,,
100,174,,
100,175,,
100,176,,
100,177,,
100,178,,
100,179,,
100,180,,
100,181,,
100,182,,
100,183,,
100,184,,
100,185,,
100,186,,
100,187,,
100,188,,
100,189,,
100,190,,
100,191,,
100,192,,
100,193,,
100,194,,
100,195,,
100,196,,
100,197,,
100,198,,20.0
